solid OpenSCAD_Model
  facet normal -6.95667e-06 -0.716023 0.698076
    outer loop
      vertex -38.8748 41.8326 4.57116
      vertex -38.4117 39.8036 2.49
      vertex -38.25 42 4.74287
    endloop
  endfacet
  facet normal 0.866012 0.500023 -6.0561e-08
    outer loop
      vertex -39.4881 3.37321 2.49
      vertex -39.0661 2.64233 2.49
      vertex -39.85 4 0.69
    endloop
  endfacet
  facet normal 0 0 -1
    outer loop
      vertex -40.125 -41.4976 0
      vertex -41.4976 -40.125 0
      vertex -38.25 -42 0
    endloop
  endfacet
  facet normal -0.258781 -0.965936 -0
    outer loop
      vertex -38.25 -42 4.74287
      vertex -38.3575 -41.9712 4.71332
      vertex -38.25 -42 0
    endloop
  endfacet
  facet normal 0 0 1
    outer loop
      vertex -41.0762 1.0399 5
      vertex -41.1266 -1.10308 5
      vertex -40.8352 -0.737713 5
    endloop
  endfacet
  facet normal -1 0 -0
    outer loop
      vertex -42 -2.42274 5
      vertex -42 4 4.64
      vertex -42 -4 4.64
    endloop
  endfacet
  facet normal 0.966051 -0.25835 0
    outer loop
      vertex 41.4976 -40.125 4.80384
      vertex 41.4976 -40.125 0
      vertex 41.521 -40.0375 4.76669
    endloop
  endfacet
  facet normal 0.866012 0.500023 0
    outer loop
      vertex -39.85 4 2.49
      vertex -39.4881 3.37321 2.49
      vertex -39.85 4 0.69
    endloop
  endfacet
  facet normal -0.965926 -0.258817 1.18348e-06
    outer loop
      vertex -41.9691 -38.3653 4.69248
      vertex -42 -38.25 0
      vertex -41.4976 -40.125 0
    endloop
  endfacet
  facet normal 0.258817 -0.965926 -8.74391e-07
    outer loop
      vertex 38.3575 -41.9712 4.71332
      vertex 38.25 -42 0
      vertex 40.125 -41.4976 0
    endloop
  endfacet
  facet normal 0 1 0
    outer loop
      vertex 38.25 42 4.74287
      vertex 38.25 42 0
      vertex 34.3159 42 4.74287
    endloop
  endfacet
  facet normal -0.310671 0.645119 0.698072
    outer loop
      vertex -3.58834 2.19638 2.49
      vertex -3.075 2.39785 2.53227
      vertex -3.16998 2.39785 2.49
    endloop
  endfacet
  facet normal 0.697596 0.160713 0.698234
    outer loop
      vertex -41.9282 2.10827 5
      vertex -39.6668 3.19731 2.49
      vertex -41.9346 2.13605 5
    endloop
  endfacet
  facet normal 0 0 -1
    outer loop
      vertex -38.25 -42 0
      vertex -41.4976 -40.125 0
      vertex 38.25 -42 0
    endloop
  endfacet
  facet normal -0 0 1
    outer loop
      vertex -39.6668 38.8027 2.49
      vertex -39.85 38 2.49
      vertex -39.3837 38.8076 2.49
    endloop
  endfacet
  facet normal -0.258234 0.966082 0
    outer loop
      vertex -40.125 41.4976 4.81798
      vertex -40.0513 41.5173 4.80343
      vertex -40.125 41.4976 0
    endloop
  endfacet
  facet normal -0 -1 -0
    outer loop
      vertex 38.25 -42 4.74287
      vertex 34.3159 -42 4.74287
      vertex 38.25 -42 0
    endloop
  endfacet
  facet normal 0 0 -1
    outer loop
      vertex -42 38.25 0
      vertex -41.4976 -40.125 0
      vertex -42 -38.25 0
    endloop
  endfacet
  facet normal 0.31051 0.645176 0.698092
    outer loop
      vertex -38.4117 2.19638 2.49
      vertex -38.9822 -9.95572e-17 4.77365
      vertex -38.913 -2.37166e-16 4.74287
    endloop
  endfacet
  facet normal 0.707107 -0.707107 0
    outer loop
      vertex 41.4976 -40.125 4.80384
      vertex 41.4412 -40.1814 4.79469
      vertex 41.4976 -40.125 0
    endloop
  endfacet
  facet normal 0 0.716027 0.698073
    outer loop
      vertex -34.2636 -2.37166e-16 4.74287
      vertex -38.4117 2.19638 2.49
      vertex -38.913 -2.37166e-16 4.74287
    endloop
  endfacet
  facet normal -0.965914 0.258862 0
    outer loop
      vertex -41.9691 38.3653 4.69248
      vertex -42 38.25 0
      vertex -42 38.25 4.69706
    endloop
  endfacet
  facet normal -0.31084 -0.645498 0.697646
    outer loop
      vertex -2.84654 39.4464 2.49
      vertex -3.075 39.6021 2.53227
      vertex -3.03842 39.5388 2.49
    endloop
  endfacet
  facet normal 0 0 1
    outer loop
      vertex -40.8109 0.707244 5
      vertex -40.8352 -0.737713 5
      vertex -40.7362 -0.613497 5
    endloop
  endfacet
  facet normal 0.698083 -0.159297 0.698072
    outer loop
      vertex -41.6385 39.5992 4.64349
      vertex -39.6668 38.8027 2.49
      vertex -41.6022 39.7347 4.63811
    endloop
  endfacet
  facet normal 0 -0.716027 0.698073
    outer loop
      vertex -3.58834 -2.19638 2.49
      vertex -34.2636 -2.37166e-16 4.74287
      vertex -38.4117 -2.19638 2.49
    endloop
  endfacet
  facet normal 0 0 -1
    outer loop
      vertex 37.709 39.0816 0
      vertex 38.25 42 0
      vertex 40.125 41.4976 0
    endloop
  endfacet
  facet normal 0 0 1
    outer loop
      vertex 1.74763 0.36678 5
      vertex 1.74206 -0.369462 5
      vertex 1.74763 -0.36678 5
    endloop
  endfacet
  facet normal -0.707107 0.707107 0
    outer loop
      vertex -40.125 41.4976 4.81798
      vertex -40.125 41.4976 0
      vertex -40.1825 41.4401 4.79041
    endloop
  endfacet
  facet normal 0.310864 -0.645072 0.69803
    outer loop
      vertex 2.99068 -4.55134e-17 4.78575
      vertex 3.075 -2.39785 2.53227
      vertex 3.01785 -9.95572e-17 4.77365
    endloop
  endfacet
  facet normal 0 0 -1
    outer loop
      vertex 38.25 -42 0
      vertex -41.4976 -40.125 0
      vertex 40.125 -41.4976 0
    endloop
  endfacet
  facet normal 0.258781 0.965936 0
    outer loop
      vertex 38.25 42 4.74287
      vertex 38.3575 41.9712 4.71332
      vertex 38.25 42 0
    endloop
  endfacet
  facet normal 0.866026 0.499999 -3.78017e-06
    outer loop
      vertex 2.15 4 0.69
      vertex 3.02632 2.48218 2.49
      vertex 3.075 2.39785 0.69
    endloop
  endfacet
  facet normal -1 0 -0
    outer loop
      vertex -42 38.25 4.69706
      vertex -42 38.25 0
      vertex -42 38 4.64
    endloop
  endfacet
  facet normal -0 0 -1
    outer loop
      vertex 4.35913 2.9184 0
      vertex -2.90026 -3.89562 0
      vertex 4.15267 2.9184 0
    endloop
  endfacet
  facet normal -0.310595 0.645145 0.698082
    outer loop
      vertex -3.01785 -6.96758e-17 4.77365
      vertex -3.58834 2.19638 2.49
      vertex -3.08703 -2.37166e-16 4.74287
    endloop
  endfacet
  facet normal -0.310672 -0.645118 0.698073
    outer loop
      vertex -2.84654 -2.55361 2.49
      vertex -2.99068 -3.89663e-18 4.78575
      vertex -3.075 -2.39785 2.53227
    endloop
  endfacet
  facet normal 0.965914 0.258862 0
    outer loop
      vertex 42 38.25 4.69706
      vertex 42 38.25 0
      vertex 41.9691 38.3653 4.69248
    endloop
  endfacet
  facet normal 0.707107 0.707107 0
    outer loop
      vertex 40.125 41.4976 4.81798
      vertex 40.1825 41.4401 4.79041
      vertex 40.125 41.4976 0
    endloop
  endfacet
  facet normal 0 0 1
    outer loop
      vertex -41.9282 -2.10827 5
      vertex -41.1266 -1.10308 5
      vertex -41.9282 2.10827 5
    endloop
  endfacet
  facet normal 0.311594 -0.644896 0.697867
    outer loop
      vertex -39.0093 -4.55134e-17 4.78575
      vertex -38.925 -2.39785 2.53227
      vertex -38.9822 -9.95572e-17 4.77365
    endloop
  endfacet
  facet normal 0 0 -1
    outer loop
      vertex 40.125 -41.4976 0
      vertex -41.4976 -40.125 0
      vertex 41.4976 -40.125 0
    endloop
  endfacet
  facet normal 0 0 1
    outer loop
      vertex -40.125 0.305441 5
      vertex -40.125 -0.305441 5
      vertex -39.4907 -1.34631e-17 5
    endloop
  endfacet
  facet normal -0.698083 -0.159297 0.698072
    outer loop
      vertex 41.6022 39.7347 4.63811
      vertex 39.6668 38.8027 2.49
      vertex 41.6385 39.5992 4.64349
    endloop
  endfacet
  facet normal 0 -0.716027 0.698073
    outer loop
      vertex 38.4117 -2.19638 2.49
      vertex 7.73638 -2.37166e-16 4.74287
      vertex 3.58834 -2.19638 2.49
    endloop
  endfacet
  facet normal 0 0.716027 0.698073
    outer loop
      vertex -3.58834 2.19638 2.49
      vertex -7.73638 -2.37166e-16 4.74287
      vertex -3.08703 -2.37166e-16 4.74287
    endloop
  endfacet
  facet normal 0 1 0
    outer loop
      vertex 3.16998 -39.6021 2.49
      vertex 3.075 -39.6021 0.69
      vertex 3.075 -39.6021 2.53227
    endloop
  endfacet
  facet normal -0.707107 -0.707107 -0
    outer loop
      vertex -40.125 -41.4976 4.81798
      vertex -40.1825 -41.4401 4.79041
      vertex -40.125 -41.4976 0
    endloop
  endfacet
  facet normal -0.707107 0 0.707107
    outer loop
      vertex 0 9.88461 4.64
      vertex -2.15 4 2.49
      vertex 0 4 4.64
    endloop
  endfacet
  facet normal 0.31067 -0.645119 0.698073
    outer loop
      vertex 3.075 -2.39785 2.53227
      vertex 3.58834 -2.19638 2.49
      vertex 3.08703 -2.37166e-16 4.74287
    endloop
  endfacet
  facet normal 0.866026 0.499999 5.84233e-06
    outer loop
      vertex -39.85 4 0.69
      vertex -38.9737 2.48218 2.49
      vertex -38.925 2.39785 0.69
    endloop
  endfacet
  facet normal 0 -0.716027 0.698073
    outer loop
      vertex -3.08703 -2.37166e-16 4.74287
      vertex -7.73638 -2.37166e-16 4.74287
      vertex -3.58834 -2.19638 2.49
    endloop
  endfacet
  facet normal 0 0 -1
    outer loop
      vertex -38.3722 38.9111 0
      vertex -40.125 41.4976 0
      vertex -38.25 42 0
    endloop
  endfacet
  facet normal 0 0 -1
    outer loop
      vertex 4.15267 39.0816 0
      vertex 38.25 42 0
      vertex 8.5699 39.0816 0
    endloop
  endfacet
  facet normal -0 0 1
    outer loop
      vertex -0.0898716 39.9144 5
      vertex 0.0843765 39.9075 5
      vertex 0.803532 40.8093 5
    endloop
  endfacet
  facet normal -0 0 1
    outer loop
      vertex -1.26382 41.3865 5
      vertex -0.825376 40.8367 5
      vertex 1.26382 41.3865 5
    endloop
  endfacet
  facet normal 0 0 -1
    outer loop
      vertex -40.125 41.4976 0
      vertex -41.4976 -40.125 0
      vertex -41.4976 40.125 0
    endloop
  endfacet
  facet normal 0 -0 -1
    outer loop
      vertex -41.4976 40.125 0
      vertex -41.4976 -40.125 0
      vertex -42 38.25 0
    endloop
  endfacet
  facet normal -0.310521 0.645212 0.698053
    outer loop
      vertex 40.4613 -41.1613 4.65685
      vertex 38.925 -39.6021 2.53227
      vertex 40.4053 -41.2173 4.6837
    endloop
  endfacet
  facet normal 0 -0 -1
    outer loop
      vertex 4.96733 -39.0816 0
      vertex 41.4976 -40.125 0
      vertex -41.4976 -40.125 0
    endloop
  endfacet
  facet normal 0 -0 1
    outer loop
      vertex -1.466 41.4976 5
      vertex 1.466 41.4976 5
      vertex -1.97383 41.7422 5
    endloop
  endfacet
  facet normal -0 0 1
    outer loop
      vertex -1.97383 41.7422 5
      vertex 1.466 41.4976 5
      vertex 2.02709 41.7678 5
    endloop
  endfacet
  facet normal -0.698073 0.159332 0.698074
    outer loop
      vertex -2.15 4 2.49
      vertex -2.33321 3.19731 2.49
      vertex -0.0654339 2.13605 5
    endloop
  endfacet
  facet normal 0 0 1
    outer loop
      vertex 2.50925 42 5
      vertex -2.50925 42 5
      vertex 2.02709 41.7678 5
    endloop
  endfacet
  facet normal 0 -0.716027 0.698073
    outer loop
      vertex -7.73638 -2.37166e-16 4.74287
      vertex -34.2636 -2.37166e-16 4.74287
      vertex -3.58834 -2.19638 2.49
    endloop
  endfacet
  facet normal 0 0 1
    outer loop
      vertex 2.02709 41.7678 5
      vertex -2.50925 42 5
      vertex -1.97383 41.7422 5
    endloop
  endfacet
  facet normal -0.865984 -0.500072 0
    outer loop
      vertex -2.19868 38.0843 2.49
      vertex -2.15 38 0.69
      vertex -2.15 38 2.49
    endloop
  endfacet
  facet normal 0 0 -1
    outer loop
      vertex -5.36808 -2.9184 0
      vertex 3.01296 4.38555 0
      vertex -4.291 -2.9184 0
    endloop
  endfacet
  facet normal 0 0 1
    outer loop
      vertex 39.0141 -2.55221 2.49
      vertex 39.0149 -2.55361 2.49
      vertex 39.1535 -2.55361 2.49
    endloop
  endfacet
  facet normal 0 -0 -1
    outer loop
      vertex -38.987 -37.5396 0
      vertex -38.987 -37.6144 0
      vertex -41.4976 -40.125 0
    endloop
  endfacet
  facet normal 0 0 1
    outer loop
      vertex 2.84654 -2.55361 2.49
      vertex 3.02632 -2.48218 2.49
      vertex 3.03842 -2.46121 2.49
    endloop
  endfacet
  facet normal 0 0 -1
    outer loop
      vertex -5.36808 -2.9184 0
      vertex 3.01296 5.71249 0
      vertex 3.01296 4.38555 0
    endloop
  endfacet
  facet normal 1 0 0
    outer loop
      vertex 2.15 -38 0.69
      vertex 2.15 -36.2105 2.49
      vertex 2.15 -38 2.49
    endloop
  endfacet
  facet normal 0 0 -1
    outer loop
      vertex 35.4161 39.0816 0
      vertex 38.25 42 0
      vertex 37.709 39.0816 0
    endloop
  endfacet
  facet normal 0 -0.716027 0.698073
    outer loop
      vertex 38.913 -2.37166e-16 4.74287
      vertex 34.2636 -2.37166e-16 4.74287
      vertex 38.4117 -2.19638 2.49
    endloop
  endfacet
  facet normal 0 0 1
    outer loop
      vertex -40.8109 0.707244 5
      vertex -41.0762 1.0399 5
      vertex -40.8352 -0.737713 5
    endloop
  endfacet
  facet normal 0.707107 -0 0.707107
    outer loop
      vertex -42 4 4.64
      vertex -39.85 4 2.49
      vertex -42 9.88461 4.64
    endloop
  endfacet
  facet normal 0 -0.716027 0.698073
    outer loop
      vertex 34.2636 -2.37166e-16 4.74287
      vertex 7.73638 -2.37166e-16 4.74287
      vertex 38.4117 -2.19638 2.49
    endloop
  endfacet
  facet normal 0.310696 -0.645106 0.698073
    outer loop
      vertex -40.7184 -0.591215 5
      vertex -39.1535 -2.55361 2.49
      vertex -40.2524 -0.36678 5
    endloop
  endfacet
  facet normal 0 -1 -0
    outer loop
      vertex 34.3159 -42 4.74287
      vertex -38.25 -42 0
      vertex 38.25 -42 0
    endloop
  endfacet
  facet normal -0.965926 0.258817 1.18348e-06
    outer loop
      vertex -42 38.25 0
      vertex -41.9691 38.3653 4.69248
      vertex -41.4976 40.125 0
    endloop
  endfacet
  facet normal 0.865912 0.500196 0
    outer loop
      vertex -38.925 2.39785 2.53227
      vertex -38.925 2.39785 0.69
      vertex -38.9616 2.46121 2.49
    endloop
  endfacet
  facet normal 0.310692 -0.645112 0.69807
    outer loop
      vertex -38.4117 -2.19638 2.49
      vertex -38.913 -2.37166e-16 4.74287
      vertex -38.925 -2.39785 2.53227
    endloop
  endfacet
  facet normal 0.707107 0.707107 0
    outer loop
      vertex 40.1825 41.4401 4.79041
      vertex 41.4976 40.125 0
      vertex 40.125 41.4976 0
    endloop
  endfacet
  facet normal -0.707107 0.707107 0
    outer loop
      vertex -41.4976 40.125 0
      vertex -40.1825 41.4401 4.79041
      vertex -40.125 41.4976 0
    endloop
  endfacet
  facet normal -0.310599 -0.645134 0.69809
    outer loop
      vertex -3.08703 -2.37166e-16 4.74287
      vertex -3.075 -2.39785 2.53227
      vertex -3.01785 -6.96758e-17 4.77365
    endloop
  endfacet
  facet normal -0.310645 -0.645173 0.698034
    outer loop
      vertex -1.97383 41.7422 5
      vertex -2.50925 42 5
      vertex -2.99068 42 4.78575
    endloop
  endfacet
  facet normal -0.258817 0.965926 9.58587e-06
    outer loop
      vertex -40.0513 41.5173 4.80343
      vertex -38.25 42 0
      vertex -40.125 41.4976 0
    endloop
  endfacet
  facet normal -0.310696 -0.645106 0.698073
    outer loop
      vertex 40.2524 -0.36678 5
      vertex 39.1535 -2.55361 2.49
      vertex 40.7184 -0.591215 5
    endloop
  endfacet
  facet normal 0.707107 -0.707107 0
    outer loop
      vertex 41.4412 -40.1814 4.79469
      vertex 40.125 -41.4976 0
      vertex 41.4976 -40.125 0
    endloop
  endfacet
  facet normal 0.965926 0.258817 1.18348e-06
    outer loop
      vertex 41.4976 40.125 0
      vertex 41.9691 38.3653 4.69248
      vertex 42 38.25 0
    endloop
  endfacet
  facet normal -0.310625 -0.645131 0.698082
    outer loop
      vertex 39.1535 -2.55361 2.49
      vertex 39.0093 -3.89663e-18 4.78575
      vertex 38.925 -2.39785 2.53227
    endloop
  endfacet
  facet normal -0.310519 -0.64515 0.698112
    outer loop
      vertex 38.913 -2.37166e-16 4.74287
      vertex 38.925 -2.39785 2.53227
      vertex 38.9822 -6.96758e-17 4.77365
    endloop
  endfacet
  facet normal 0.258817 0.965926 -8.74391e-07
    outer loop
      vertex 38.3575 41.9712 4.71332
      vertex 40.125 41.4976 0
      vertex 38.25 42 0
    endloop
  endfacet
  facet normal 0 1 0
    outer loop
      vertex -38.25 42 0
      vertex 34.3159 42 4.74287
      vertex 38.25 42 0
    endloop
  endfacet
  facet normal 0 -0 1
    outer loop
      vertex -2.33321 3.19731 2.49
      vertex -2.15 4 2.49
      vertex -2.33992 3.67106 2.49
    endloop
  endfacet
  facet normal -0.698076 0.15933 0.698072
    outer loop
      vertex -2.15 -38 2.49
      vertex -2.33321 -38.8027 2.49
      vertex -0.0654339 -39.8639 5
    endloop
  endfacet
  facet normal 0.258781 -0.965936 0
    outer loop
      vertex 38.25 -42 4.74287
      vertex 38.25 -42 0
      vertex 38.3575 -41.9712 4.71332
    endloop
  endfacet
  facet normal -0.559795 0.446468 0.698065
    outer loop
      vertex -0.0717757 -39.8917 5
      vertex -2.33321 -38.8027 2.49
      vertex -0.0875673 -39.9115 5
    endloop
  endfacet
  facet normal -0.707107 0.707107 0
    outer loop
      vertex -41.4976 40.125 0
      vertex -41.4976 40.125 4.80384
      vertex -40.5898 41.0328 4.6564
    endloop
  endfacet
  facet normal -0.707107 0 0.707107
    outer loop
      vertex 0 -32.1154 4.64
      vertex 0 -4 4.64
      vertex -2.15 -4 2.49
    endloop
  endfacet
  facet normal -0.707107 0.707107 -5.08032e-15
    outer loop
      vertex -41.4976 40.125 0
      vertex -40.4945 41.1281 4.64093
      vertex -40.1825 41.4401 4.79041
    endloop
  endfacet
  facet normal -0.698075 -0.159326 0.698073
    outer loop
      vertex -0.0710097 -2.11162 5
      vertex -2.33321 -3.19731 2.49
      vertex -0.0654339 -2.13605 5
    endloop
  endfacet
  facet normal -0.707107 0.707107 9.94601e-15
    outer loop
      vertex -41.4976 40.125 0
      vertex -40.5898 41.0328 4.6564
      vertex -40.4945 41.1281 4.64093
    endloop
  endfacet
  facet normal -0.698053 0.159373 0.698085
    outer loop
      vertex 0 -39.5773 5
      vertex -2.15 -38 2.49
      vertex -0.0654339 -39.8639 5
    endloop
  endfacet
  facet normal 1 0 0
    outer loop
      vertex 42 32.742 4.64
      vertex 42 -38.25 0
      vertex 42 38.25 0
    endloop
  endfacet
  facet normal 1 0 0
    outer loop
      vertex 42 38 4.64
      vertex 42 32.742 4.64
      vertex 42 38.25 0
    endloop
  endfacet
  facet normal 1 0 0
    outer loop
      vertex 42 38.25 4.69706
      vertex 42 38 4.64
      vertex 42 38.25 0
    endloop
  endfacet
  facet normal -1 0 0
    outer loop
      vertex -42 -38.25 0
      vertex -42 32.742 4.64
      vertex -42 38.25 0
    endloop
  endfacet
  facet normal -0.698075 -0.159328 0.698073
    outer loop
      vertex -2.15 -4 2.49
      vertex 0 -2.42274 5
      vertex -0.0654339 -2.13605 5
    endloop
  endfacet
  facet normal -1 -0 -0
    outer loop
      vertex -42 38 4.64
      vertex -42 38.25 0
      vertex -42 32.742 4.64
    endloop
  endfacet
  facet normal -0.707107 0 0.707107
    outer loop
      vertex -2.15 -38 2.49
      vertex 0 -32.1154 4.64
      vertex -2.15 -4 2.49
    endloop
  endfacet
  facet normal 0 0.798331 0.602219
    outer loop
      vertex -38.925 -39.6021 0.69
      vertex -32.918 -39.0816 0
      vertex -33.4301 -39.0816 0
    endloop
  endfacet
  facet normal 0 -0.798303 0.602256
    outer loop
      vertex -32.918 -2.9184 0
      vertex -38.925 -2.39785 0.69
      vertex -33.4301 -2.9184 0
    endloop
  endfacet
  facet normal 0.710322 -0.409622 0.572409
    outer loop
      vertex -38.9738 -3.4448 0
      vertex -39.85 -4 0.69
      vertex -38.987 -3.46769 0
    endloop
  endfacet
  facet normal 0.624474 0 0.781045
    outer loop
      vertex -39.85 -4 0.69
      vertex -39.85 -38 0.69
      vertex -38.987 -33.8573 0
    endloop
  endfacet
  facet normal -1 -0 0
    outer loop
      vertex -42 -32.1154 4.64
      vertex -42 -38.25 0
      vertex -42 -38 4.64
    endloop
  endfacet
  facet normal -1 -0 -0
    outer loop
      vertex -42 2.42274 5
      vertex -42 4 4.64
      vertex -42 -2.42274 5
    endloop
  endfacet
  facet normal -1 -0 0
    outer loop
      vertex -42 -38 4.64
      vertex -42 -38.25 0
      vertex -42 -38.25 4.69706
    endloop
  endfacet
  facet normal -1 0 -0
    outer loop
      vertex -42 4 4.64
      vertex -42 9.88461 4.64
      vertex -42 -38.25 0
    endloop
  endfacet
  facet normal -1 0 -0
    outer loop
      vertex -42 -4 4.64
      vertex -42 4 4.64
      vertex -42 -38.25 0
    endloop
  endfacet
  facet normal -1 0 0
    outer loop
      vertex -2.15 -38 2.49
      vertex -2.15 -5.78947 2.49
      vertex -2.15 -38 0.69
    endloop
  endfacet
  facet normal -1 0 0
    outer loop
      vertex -42 -38.25 0
      vertex -42 -32.1154 4.64
      vertex -42 -4 4.64
    endloop
  endfacet
  facet normal -1 0 -0
    outer loop
      vertex -42 9.88461 4.64
      vertex -42 32.742 4.64
      vertex -42 -38.25 0
    endloop
  endfacet
  facet normal -1 0 0
    outer loop
      vertex -2.15 -4 0.69
      vertex -2.15 -38 0.69
      vertex -2.15 -5.78947 2.49
    endloop
  endfacet
  facet normal 0 0 -1
    outer loop
      vertex -40.125 41.4976 0
      vertex -38.3722 38.9111 0
      vertex -38.7716 38.7813 0
    endloop
  endfacet
  facet normal 0 -0 -1
    outer loop
      vertex -40.125 41.4976 0
      vertex -38.987 23.3617 0
      vertex -41.4976 -40.125 0
    endloop
  endfacet
  facet normal 0.559942 -0.446305 0.698053
    outer loop
      vertex 1.26382 -0.613497 5
      vertex 2.84654 -2.55361 2.49
      vertex 1.28158 -0.591215 5
    endloop
  endfacet
  facet normal 0 0 -1
    outer loop
      vertex -40.125 41.4976 0
      vertex -38.9738 38.5552 0
      vertex -38.987 38.5323 0
    endloop
  endfacet
  facet normal 0.865941 0.500147 0.000156655
    outer loop
      vertex 2.93385 -39.3577 2.49
      vertex 3.02632 -39.5178 2.49
      vertex 2.15 -38 0.69
    endloop
  endfacet
  facet normal 0 0 -1
    outer loop
      vertex -40.125 41.4976 0
      vertex -38.987 38.5323 0
      vertex -38.987 23.3617 0
    endloop
  endfacet
  facet normal 0 -0.716027 0.698073
    outer loop
      vertex 3.08703 -2.37166e-16 4.74287
      vertex 3.58834 -2.19638 2.49
      vertex 7.73638 -2.37166e-16 4.74287
    endloop
  endfacet
  facet normal 0 0 -1
    outer loop
      vertex -40.125 41.4976 0
      vertex -38.7716 38.7813 0
      vertex -38.8599 38.7526 0
    endloop
  endfacet
  facet normal 0.866033 0.499986 -4.80274e-06
    outer loop
      vertex 2.51188 -38.6268 2.49
      vertex 2.93385 -39.3577 2.49
      vertex 2.15 -38 0.69
    endloop
  endfacet
  facet normal 0 0 -1
    outer loop
      vertex -40.125 41.4976 0
      vertex -38.8599 38.7526 0
      vertex -38.9738 38.5552 0
    endloop
  endfacet
  facet normal 0 0 1
    outer loop
      vertex -0.960712 0.993576 5
      vertex 1.26382 -0.613497 5
      vertex 1.28158 -0.591215 5
    endloop
  endfacet
  facet normal -0 1 0
    outer loop
      vertex -37.0382 -39.6021 2.49
      vertex -3.58432 -39.6021 2.49
      vertex -3.075 -39.6021 0.69
    endloop
  endfacet
  facet normal 0 0 1
    outer loop
      vertex -0.960712 0.993576 5
      vertex 0.960712 -0.993576 5
      vertex 1.26382 -0.613497 5
    endloop
  endfacet
  facet normal 0 1 -0
    outer loop
      vertex -3.075 -39.6021 0.69
      vertex -3.16998 -39.6021 2.49
      vertex -3.075 -39.6021 2.53227
    endloop
  endfacet
  facet normal 0 1 0
    outer loop
      vertex -3.075 -39.6021 0.69
      vertex -3.58432 -39.6021 2.49
      vertex -3.16998 -39.6021 2.49
    endloop
  endfacet
  facet normal 0 0 1
    outer loop
      vertex -0.366322 1.73892 5
      vertex -0.960712 0.993576 5
      vertex 1.28158 -0.591215 5
    endloop
  endfacet
  facet normal -0.866027 0.499996 -1.50682e-05
    outer loop
      vertex -2.84654 -39.2064 2.49
      vertex -2.33992 -38.3289 2.49
      vertex -2.15 -38 0.69
    endloop
  endfacet
  facet normal 0 0 1
    outer loop
      vertex -0.366322 1.73892 5
      vertex 1.28158 -0.591215 5
      vertex 1.74206 -0.369462 5
    endloop
  endfacet
  facet normal -0.866034 0.499986 -2.46652e-05
    outer loop
      vertex -3.02632 -39.5178 2.49
      vertex -2.84654 -39.2064 2.49
      vertex -2.15 -38 0.69
    endloop
  endfacet
  facet normal -0.258817 -0.965926 -8.74391e-07
    outer loop
      vertex -38.3575 -41.9712 4.71332
      vertex -40.125 -41.4976 0
      vertex -38.25 -42 0
    endloop
  endfacet
  facet normal -0.865992 0.500058 0
    outer loop
      vertex -2.15 -38 0.69
      vertex -2.33992 -38.3289 2.49
      vertex -2.15 -38 2.49
    endloop
  endfacet
  facet normal 0 -1 0
    outer loop
      vertex -3.075 -2.39785 0.69
      vertex -3.16998 -2.39785 2.49
      vertex -18.3537 -2.39785 2.49
    endloop
  endfacet
  facet normal 0 -1 0
    outer loop
      vertex -3.075 -2.39785 0.69
      vertex -3.075 -2.39785 2.53227
      vertex -3.16998 -2.39785 2.49
    endloop
  endfacet
  facet normal -0.96593 0.258802 -4.57746e-06
    outer loop
      vertex -41.9691 38.3653 4.69248
      vertex -41.6385 39.5992 4.64349
      vertex -41.4976 40.125 0
    endloop
  endfacet
  facet normal -0.965914 0.258864 0
    outer loop
      vertex -41.6022 39.7347 4.63811
      vertex -41.4976 40.125 4.80384
      vertex -41.4976 40.125 0
    endloop
  endfacet
  facet normal -0.965939 0.258771 -8.34296e-06
    outer loop
      vertex -41.6385 39.5992 4.64349
      vertex -41.6022 39.7347 4.63811
      vertex -41.4976 40.125 0
    endloop
  endfacet
  facet normal 1 0 0
    outer loop
      vertex 2.15 -38 0.69
      vertex 2.15 -4 0.69
      vertex 2.15 -36.2105 2.49
    endloop
  endfacet
  facet normal 0 0 -1
    outer loop
      vertex -4.291 -2.9184 0
      vertex 3.01296 4.38555 0
      vertex -3.59296 -2.9184 0
    endloop
  endfacet
  facet normal 1 0 -0
    outer loop
      vertex 2.15 -4 0.69
      vertex 2.15 -4 2.49
      vertex 2.15 -36.2105 2.49
    endloop
  endfacet
  facet normal 0 -0 -1
    outer loop
      vertex -38.987 -37.6144 0
      vertex -38.987 -37.6975 0
      vertex -41.4976 -40.125 0
    endloop
  endfacet
  facet normal 0 -0 1
    outer loop
      vertex 4.96184 -2.39785 2.49
      vertex 23.6463 -2.39785 2.49
      vertex 3.58834 -2.19638 2.49
    endloop
  endfacet
  facet normal 0 0 -1
    outer loop
      vertex -3.59296 -2.9184 0
      vertex 3.01296 4.38555 0
      vertex 3.01296 3.46769 0
    endloop
  endfacet
  facet normal 0.866026 -0.499999 -3.78017e-06
    outer loop
      vertex 2.15 -4 0.69
      vertex 3.075 -2.39785 0.69
      vertex 3.02632 -2.48218 2.49
    endloop
  endfacet
  facet normal 0 0 -1
    outer loop
      vertex 37.709 39.0816 0
      vertex 40.125 41.4976 0
      vertex 38.407 39.0816 0
    endloop
  endfacet
  facet normal 0 0 -1
    outer loop
      vertex -3.35581 -3.24481 0
      vertex -3.59296 -2.9184 0
      vertex 3.14015 3.24739 0
    endloop
  endfacet
  facet normal -0 0 -1
    outer loop
      vertex 3.14015 3.24739 0
      vertex -3.59296 -2.9184 0
      vertex 3.02617 3.4448 0
    endloop
  endfacet
  facet normal 0 0 -1
    outer loop
      vertex 39.0328 38.2203 0
      vertex 38.407 39.0816 0
      vertex 41.4976 40.125 0
    endloop
  endfacet
  facet normal -1 0 0
    outer loop
      vertex 39.85 -4 0.69
      vertex 39.85 -5.78947 2.49
      vertex 39.85 -4 2.49
    endloop
  endfacet
  facet normal 0 0 -1
    outer loop
      vertex 39.046 38.1974 0
      vertex 39.0328 38.2203 0
      vertex 41.4976 40.125 0
    endloop
  endfacet
  facet normal 0 0 1
    outer loop
      vertex 39.1535 -2.55361 2.49
      vertex 39.1569 -2.79958 2.49
      vertex 39.1583 -2.802 2.49
    endloop
  endfacet
  facet normal -0.866026 -0.499999 -8.62011e-06
    outer loop
      vertex 38.925 -2.39785 0.69
      vertex 39.85 -4 0.69
      vertex 39.8013 -3.91568 2.49
    endloop
  endfacet
  facet normal 0 0 -1
    outer loop
      vertex -3.35581 -3.24481 0
      vertex 3.14015 3.24739 0
      vertex 3.30356 3.19429 0
    endloop
  endfacet
  facet normal 0 0 -1
    outer loop
      vertex -3.59296 -2.9184 0
      vertex 3.01296 3.46769 0
      vertex 3.02617 3.4448 0
    endloop
  endfacet
  facet normal 0.310642 -0.645086 0.698116
    outer loop
      vertex 3.03842 -2.46121 2.49
      vertex 3.075 -2.39785 2.53227
      vertex 2.84654 -2.55361 2.49
    endloop
  endfacet
  facet normal 0 0 -1
    outer loop
      vertex 38.407 39.0816 0
      vertex 40.125 41.4976 0
      vertex 41.4976 40.125 0
    endloop
  endfacet
  facet normal -0 0 1
    outer loop
      vertex 39.0149 -2.55361 2.49
      vertex 39.0163 -2.55601 2.49
      vertex 39.1535 -2.55361 2.49
    endloop
  endfacet
  facet normal 0 0 -1
    outer loop
      vertex 39.16 38 0
      vertex 39.046 38.1974 0
      vertex 41.4976 40.125 0
    endloop
  endfacet
  facet normal 0 0 -1
    outer loop
      vertex 39.16 37.8647 0
      vertex 39.16 38 0
      vertex 41.4976 40.125 0
    endloop
  endfacet
  facet normal 0 -1 0
    outer loop
      vertex -3.075 -2.39785 0.69
      vertex -18.3537 -2.39785 2.49
      vertex -37.0382 -2.39785 2.49
    endloop
  endfacet
  facet normal -0.965914 -0.258864 0
    outer loop
      vertex -41.4976 -40.125 0
      vertex -41.4976 -40.125 4.80384
      vertex -41.6022 -39.7347 4.63811
    endloop
  endfacet
  facet normal -0.865969 -0.500097 -2.73021e-05
    outer loop
      vertex -2.84654 -2.79355 2.49
      vertex -2.85116 -2.78555 2.49
      vertex -3.075 -2.39785 0.69
    endloop
  endfacet
  facet normal -0.965939 -0.258771 -8.34296e-06
    outer loop
      vertex -41.4976 -40.125 0
      vertex -41.6022 -39.7347 4.63811
      vertex -41.6385 -39.5992 4.64349
    endloop
  endfacet
  facet normal -0.866031 -0.499991 0
    outer loop
      vertex -3.075 -2.39785 0.69
      vertex -3.03842 -2.46121 2.49
      vertex -3.075 -2.39785 2.53227
    endloop
  endfacet
  facet normal -0.96593 -0.258802 -4.57746e-06
    outer loop
      vertex -41.4976 -40.125 0
      vertex -41.6385 -39.5992 4.64349
      vertex -41.9691 -38.3653 4.69248
    endloop
  endfacet
  facet normal 0 0 1
    outer loop
      vertex 2.33321 -3.19731 2.49
      vertex 2.61629 -3.19237 2.49
      vertex 2.84654 -2.55361 2.49
    endloop
  endfacet
  facet normal 0 0 -1
    outer loop
      vertex 3.30356 3.19429 0
      vertex -2.90026 -3.89562 0
      vertex -2.95397 -3.80259 0
    endloop
  endfacet
  facet normal 0 0 1
    outer loop
      vertex 2.61629 -3.19237 2.49
      vertex 2.98507 -2.55361 2.49
      vertex 2.84654 -2.55361 2.49
    endloop
  endfacet
  facet normal 0 0 -1
    outer loop
      vertex 42 38.25 0
      vertex 39.16 35.5842 0
      vertex 39.16 37.8647 0
    endloop
  endfacet
  facet normal -0 0 -1
    outer loop
      vertex 42 38.25 0
      vertex 39.16 37.8647 0
      vertex 41.4976 40.125 0
    endloop
  endfacet
  facet normal 0.866031 -0.499991 0
    outer loop
      vertex 3.03842 -2.46121 2.49
      vertex 3.075 -2.39785 0.69
      vertex 3.075 -2.39785 2.53227
    endloop
  endfacet
  facet normal 0.310672 -0.645118 0.698073
    outer loop
      vertex 2.84654 -2.55361 2.49
      vertex 3.075 -2.39785 2.53227
      vertex 2.99068 -4.55134e-17 4.78575
    endloop
  endfacet
  facet normal 0 0 -1
    outer loop
      vertex -41.4976 -40.125 0
      vertex -38.987 -37.6975 0
      vertex -38.987 -37.7685 0
    endloop
  endfacet
  facet normal -0 0 -1
    outer loop
      vertex 4.15267 2.9184 0
      vertex -2.90026 -3.89562 0
      vertex 3.30356 3.19429 0
    endloop
  endfacet
  facet normal 0.310599 -0.645134 0.69809
    outer loop
      vertex 3.075 -2.39785 2.53227
      vertex 3.08703 -2.37166e-16 4.74287
      vertex 3.01785 -9.95572e-17 4.77365
    endloop
  endfacet
  facet normal 0 0 -1
    outer loop
      vertex 3.30356 3.19429 0
      vertex -2.95397 -3.80259 0
      vertex -2.96719 -3.7797 0
    endloop
  endfacet
  facet normal -0 0 1
    outer loop
      vertex 39.0651 -2.64057 2.49
      vertex 39.0661 -2.64233 2.49
      vertex 39.1535 -2.55361 2.49
    endloop
  endfacet
  facet normal 0 0 -1
    outer loop
      vertex 3.30356 3.19429 0
      vertex -2.96719 -3.7797 0
      vertex -3.35581 -3.24481 0
    endloop
  endfacet
  facet normal -0.866021 -0.500008 -8.16322e-07
    outer loop
      vertex -3.075 -2.39785 0.69
      vertex -2.98588 -2.55221 2.49
      vertex -3.03842 -2.46121 2.49
    endloop
  endfacet
  facet normal -0.866 -0.500044 -9.06278e-06
    outer loop
      vertex -2.93574 -2.63906 2.49
      vertex -2.98202 -2.55891 2.49
      vertex -3.075 -2.39785 0.69
    endloop
  endfacet
  facet normal 0.965894 -0.258938 -3.96152e-05
    outer loop
      vertex 41.5696 -39.8562 4.6897
      vertex 41.521 -40.0375 4.76669
      vertex 42 -38.25 0
    endloop
  endfacet
  facet normal -0.866472 -0.499226 0.000137048
    outer loop
      vertex -2.93487 -2.64057 2.49
      vertex -2.93574 -2.63906 2.49
      vertex -3.075 -2.39785 0.69
    endloop
  endfacet
  facet normal 0.965824 -0.2592 -0.000135908
    outer loop
      vertex 41.6022 -39.7347 4.63811
      vertex 41.5696 -39.8562 4.6897
      vertex 42 -38.25 0
    endloop
  endfacet
  facet normal -0.865589 -0.500754 -0.000223988
    outer loop
      vertex -2.84166 -2.802 2.49
      vertex -2.84306 -2.79958 2.49
      vertex -3.075 -2.39785 0.69
    endloop
  endfacet
  facet normal 0.965938 -0.258772 1.1064e-05
    outer loop
      vertex 41.6385 -39.5992 4.64349
      vertex 41.6022 -39.7347 4.63811
      vertex 42 -38.25 0
    endloop
  endfacet
  facet normal 0.965929 -0.258808 0
    outer loop
      vertex 42 -38.25 4.69706
      vertex 41.6385 -39.5992 4.64349
      vertex 42 -38.25 0
    endloop
  endfacet
  facet normal 0 0 -1
    outer loop
      vertex 41.4976 -40.125 0
      vertex 4.96733 -39.0816 0
      vertex 8.5699 -39.0816 0
    endloop
  endfacet
  facet normal 0 0 -1
    outer loop
      vertex 41.4976 -40.125 0
      vertex 38.9617 -38.3182 0
      vertex 42 -38.25 0
    endloop
  endfacet
  facet normal -0 0 1
    outer loop
      vertex 39.1535 -2.79355 2.49
      vertex 39.1569 -2.79958 2.49
      vertex 39.1535 -2.55361 2.49
    endloop
  endfacet
  facet normal 0 0 -1
    outer loop
      vertex 41.4976 -40.125 0
      vertex 38.6868 -38.6965 0
      vertex 38.9617 -38.3182 0
    endloop
  endfacet
  facet normal 0 0 1
    outer loop
      vertex 39.6668 -38.8027 2.49
      vertex 39.1535 -39.2064 2.49
      vertex 39.1535 -39.4464 2.49
    endloop
  endfacet
  facet normal 0 0 -1
    outer loop
      vertex 41.4976 -40.125 0
      vertex 8.5699 -39.0816 0
      vertex 9.08204 -39.0816 0
    endloop
  endfacet
  facet normal 0 0 1
    outer loop
      vertex 39.6601 -38.3289 2.49
      vertex 39.1535 -39.2064 2.49
      vertex 39.6668 -38.8027 2.49
    endloop
  endfacet
  facet normal 0 0 -1
    outer loop
      vertex 41.4976 -40.125 0
      vertex 9.08204 -39.0816 0
      vertex 38.407 -39.0816 0
    endloop
  endfacet
  facet normal -0.310657 -0.644999 0.698189
    outer loop
      vertex 38.83 -2.39785 2.49
      vertex 38.925 -2.39785 2.53227
      vertex 38.4117 -2.19638 2.49
    endloop
  endfacet
  facet normal 0 0 -1
    outer loop
      vertex 41.4976 -40.125 0
      vertex 38.407 -39.0816 0
      vertex 38.6868 -38.6965 0
    endloop
  endfacet
  facet normal -0.866583 -0.499032 0.000111527
    outer loop
      vertex -2.98202 -2.55891 2.49
      vertex -2.98369 -2.55601 2.49
      vertex -3.075 -2.39785 0.69
    endloop
  endfacet
  facet normal -0.866906 -0.498471 0.000177234
    outer loop
      vertex -2.98369 -2.55601 2.49
      vertex -2.98507 -2.55361 2.49
      vertex -3.075 -2.39785 0.69
    endloop
  endfacet
  facet normal -0.707107 -0.707107 0
    outer loop
      vertex -40.5898 -41.0328 4.6564
      vertex -41.4976 -40.125 4.80384
      vertex -41.4976 -40.125 0
    endloop
  endfacet
  facet normal -0.866016 -0.500016 -3.8423e-06
    outer loop
      vertex -2.85116 -2.78555 2.49
      vertex -2.93287 -2.64403 2.49
      vertex -3.075 -2.39785 0.69
    endloop
  endfacet
  facet normal -0.865202 -0.501424 -0.00025825
    outer loop
      vertex -2.93385 -2.64233 2.49
      vertex -2.93487 -2.64057 2.49
      vertex -3.075 -2.39785 0.69
    endloop
  endfacet
  facet normal -0.707107 -0.707107 0
    outer loop
      vertex -40.1825 -41.4401 4.79041
      vertex -40.4053 -41.2173 4.6837
      vertex -41.4976 -40.125 0
    endloop
  endfacet
  facet normal -0.707107 -0.707107 9.96744e-15
    outer loop
      vertex -40.4945 -41.1281 4.64093
      vertex -40.5898 -41.0328 4.6564
      vertex -41.4976 -40.125 0
    endloop
  endfacet
  facet normal -0.707107 -0.707107 0
    outer loop
      vertex -40.4053 -41.2173 4.6837
      vertex -40.4613 -41.1613 4.65685
      vertex -41.4976 -40.125 0
    endloop
  endfacet
  facet normal -0.866355 -0.499428 0.000103227
    outer loop
      vertex -2.93287 -2.64403 2.49
      vertex -2.93385 -2.64233 2.49
      vertex -3.075 -2.39785 0.69
    endloop
  endfacet
  facet normal -0.707107 -0.707107 -3.86528e-14
    outer loop
      vertex -41.4976 -40.125 0
      vertex -40.4613 -41.1613 4.65685
      vertex -40.4945 -41.1281 4.64093
    endloop
  endfacet
  facet normal -0.866114 -0.499847 4.61066e-05
    outer loop
      vertex -2.84306 -2.79958 2.49
      vertex -2.84654 -2.79355 2.49
      vertex -3.075 -2.39785 0.69
    endloop
  endfacet
  facet normal -0.865567 -0.500793 -9.05411e-05
    outer loop
      vertex -3.075 -2.39785 0.69
      vertex -2.98507 -2.55361 2.49
      vertex -2.98588 -2.55221 2.49
    endloop
  endfacet
  facet normal 0.258799 -0.965931 -7.85312e-06
    outer loop
      vertex 38.8748 -41.8326 4.57116
      vertex 38.3575 -41.9712 4.71332
      vertex 40.125 -41.4976 0
    endloop
  endfacet
  facet normal 0.258826 -0.965924 0
    outer loop
      vertex 40.125 -41.4976 4.81798
      vertex 38.8748 -41.8326 4.57116
      vertex 40.125 -41.4976 0
    endloop
  endfacet
  facet normal 0.965926 -0.258817 9.18639e-06
    outer loop
      vertex 42 -38.25 0
      vertex 41.521 -40.0375 4.76669
      vertex 41.4976 -40.125 0
    endloop
  endfacet
  facet normal -0.866027 -0.499998 2.47294e-06
    outer loop
      vertex -3.075 -2.39785 0.69
      vertex -2.19868 -3.91568 2.49
      vertex -2.84166 -2.802 2.49
    endloop
  endfacet
  facet normal 0 0 -1
    outer loop
      vertex -38.25 42 0
      vertex 38.25 42 0
      vertex -3.59296 39.0816 0
    endloop
  endfacet
  facet normal 0 0 -1
    outer loop
      vertex 38.25 42 0
      vertex 35.4161 39.0816 0
      vertex 9.08204 39.0816 0
    endloop
  endfacet
  facet normal 0 -0 -1
    outer loop
      vertex -32.918 2.9184 0
      vertex -32.918 -2.9184 0
      vertex -33.4301 -2.9184 0
    endloop
  endfacet
  facet normal -0 0 -1
    outer loop
      vertex -38.987 -37.5396 0
      vertex -41.4976 -40.125 0
      vertex -38.987 -34.343 0
    endloop
  endfacet
  facet normal 0 0 -1
    outer loop
      vertex -41.4976 -40.125 0
      vertex -38.987 23.3617 0
      vertex -38.987 8.14269 0
    endloop
  endfacet
  facet normal 0.866027 0.499997 0
    outer loop
      vertex 2.15 -38 2.49
      vertex 2.51188 -38.6268 2.49
      vertex 2.15 -38 0.69
    endloop
  endfacet
  facet normal 0 -0 1
    outer loop
      vertex 2.84654 -39.4464 2.49
      vertex 2.93385 -39.3577 2.49
      vertex 2.33321 -38.8027 2.49
    endloop
  endfacet
  facet normal -0.310677 0.644943 0.698232
    outer loop
      vertex 38.4117 -39.8036 2.49
      vertex 38.925 -39.6021 2.53227
      vertex 38.83 -39.6021 2.49
    endloop
  endfacet
  facet normal 0 0 -1
    outer loop
      vertex -2.95397 38.1974 0
      vertex -2.96719 38.2203 0
      vertex 3.01296 38.5323 0
    endloop
  endfacet
  facet normal 0 0 -1
    outer loop
      vertex 38.25 42 0
      vertex 4.15267 39.0816 0
      vertex -3.59296 39.0816 0
    endloop
  endfacet
  facet normal 0 0 1
    outer loop
      vertex 2.15 -38 2.49
      vertex 2.33321 -38.8027 2.49
      vertex 2.51188 -38.6268 2.49
    endloop
  endfacet
  facet normal 0 0 -1
    outer loop
      vertex -2.84 4 0
      vertex -2.84 33.325 0
      vertex 3.01296 8.14269 0
    endloop
  endfacet
  facet normal -0 0 1
    outer loop
      vertex 2.33321 -3.19731 2.49
      vertex 2.15 -4 2.49
      vertex 2.61629 -3.19237 2.49
    endloop
  endfacet
  facet normal 0 0 -1
    outer loop
      vertex -5.36808 -2.9184 0
      vertex -3.59296 2.9184 0
      vertex 3.01296 5.71249 0
    endloop
  endfacet
  facet normal 0 0 -1
    outer loop
      vertex -2.84 4 0
      vertex 3.01296 8.14269 0
      vertex 3.01296 7.65697 0
    endloop
  endfacet
  facet normal -0.310638 -0.645146 0.698062
    outer loop
      vertex 39.1535 -2.55361 2.49
      vertex 38.925 -2.39785 2.53227
      vertex 38.9616 -2.46121 2.49
    endloop
  endfacet
  facet normal 0 0 -1
    outer loop
      vertex 3.01296 5.71249 0
      vertex -2.96719 3.7797 0
      vertex -2.95397 3.80259 0
    endloop
  endfacet
  facet normal 0.310671 -0.645119 0.698072
    outer loop
      vertex 3.58834 -2.19638 2.49
      vertex 3.075 -2.39785 2.53227
      vertex 3.16998 -2.39785 2.49
    endloop
  endfacet
  facet normal 0 0 -1
    outer loop
      vertex -2.84 33.8107 0
      vertex -2.84 38 0
      vertex 3.01296 38.5323 0
    endloop
  endfacet
  facet normal 0 -0 1
    outer loop
      vertex 39.6668 -38.8027 2.49
      vertex 39.85 -38 2.49
      vertex 39.6601 -38.3289 2.49
    endloop
  endfacet
  facet normal 0 0 -1
    outer loop
      vertex -2.84 38 0
      vertex -2.95397 38.1974 0
      vertex 3.01296 38.5323 0
    endloop
  endfacet
  facet normal -0.560292 0.446463 0.69767
    outer loop
      vertex 41.4412 -40.1814 4.79469
      vertex 41.521 -40.0375 4.76669
      vertex 41.5696 -39.8562 4.6897
    endloop
  endfacet
  facet normal 0 0 -1
    outer loop
      vertex 3.02617 38.5552 0
      vertex 3.01296 38.5323 0
      vertex -2.96719 38.2203 0
    endloop
  endfacet
  facet normal 0.707107 -0 0.707107
    outer loop
      vertex 0 -38 4.64
      vertex 2.15 -38 2.49
      vertex 0 -32.1154 4.64
    endloop
  endfacet
  facet normal -0.697596 -0.160713 0.698234
    outer loop
      vertex 41.9282 -2.10827 5
      vertex 39.6668 -3.19731 2.49
      vertex 41.9346 -2.13605 5
    endloop
  endfacet
  facet normal 0 0 -1
    outer loop
      vertex 3.01296 5.71249 0
      vertex -3.31317 3.3035 0
      vertex -2.96719 3.7797 0
    endloop
  endfacet
  facet normal 0.866019 0.500011 3.82231e-06
    outer loop
      vertex 2.15 -38 0.69
      vertex 3.02632 -39.5178 2.49
      vertex 3.075 -39.6021 0.69
    endloop
  endfacet
  facet normal -0 0 -1
    outer loop
      vertex -38.9738 -3.4448 0
      vertex -38.987 -3.46769 0
      vertex -38.9738 3.4448 0
    endloop
  endfacet
  facet normal -0.654648 0.377973 0.654654
    outer loop
      vertex 38.925 -39.6021 0.69
      vertex 39.85 -38 0.69
      vertex 39.0328 -38.2203 0
    endloop
  endfacet
  facet normal 0.707107 -0 0.707107
    outer loop
      vertex -42 -38 4.64
      vertex -39.85 -38 2.49
      vertex -42 -32.1154 4.64
    endloop
  endfacet
  facet normal 0 0 -1
    outer loop
      vertex -32.918 2.9184 0
      vertex -5.36808 -2.9184 0
      vertex -32.918 -2.9184 0
    endloop
  endfacet
  facet normal 0 0 -1
    outer loop
      vertex 3.01296 5.71249 0
      vertex -3.59296 2.9184 0
      vertex -3.31317 3.3035 0
    endloop
  endfacet
  facet normal 0 0 -1
    outer loop
      vertex -3.59296 39.0816 0
      vertex 4.15267 39.0816 0
      vertex 3.22839 38.7813 0
    endloop
  endfacet
  facet normal 0.31084 0.645498 0.697646
    outer loop
      vertex 2.84654 -39.4464 2.49
      vertex 3.075 -39.6021 2.53227
      vertex 3.03842 -39.5388 2.49
    endloop
  endfacet
  facet normal 0.310677 -0.644943 0.698232
    outer loop
      vertex -38.4117 39.8036 2.49
      vertex -38.925 39.6021 2.53227
      vertex -38.83 39.6021 2.49
    endloop
  endfacet
  facet normal 0.865826 0.500346 0
    outer loop
      vertex 3.075 -39.6021 2.53227
      vertex 3.075 -39.6021 0.69
      vertex 3.03842 -39.5388 2.49
    endloop
  endfacet
  facet normal -0.559824 0.446416 0.698076
    outer loop
      vertex 39.6668 -38.8027 2.49
      vertex 39.1535 -39.4464 2.49
      vertex 41.6022 -39.7347 4.63811
    endloop
  endfacet
  facet normal 0.866151 -0.499782 9.78912e-06
    outer loop
      vertex 3.02632 -2.48218 2.49
      vertex 3.075 -2.39785 0.69
      vertex 3.03842 -2.46121 2.49
    endloop
  endfacet
  facet normal 0 0 -1
    outer loop
      vertex -33.4301 2.9184 0
      vertex -32.918 2.9184 0
      vertex -33.4301 -2.9184 0
    endloop
  endfacet
  facet normal -0.865946 -0.500137 0
    outer loop
      vertex 39.8013 -3.91568 2.49
      vertex 39.85 -4 0.69
      vertex 39.85 -4 2.49
    endloop
  endfacet
  facet normal 0 0 1
    outer loop
      vertex 2.93385 -39.3577 2.49
      vertex 2.51188 -38.6268 2.49
      vertex 2.33321 -38.8027 2.49
    endloop
  endfacet
  facet normal -0 0 -1
    outer loop
      vertex -33.4301 2.9184 0
      vertex -37.8473 -2.9184 0
      vertex -37.8473 2.9184 0
    endloop
  endfacet
  facet normal -0 0 -1
    outer loop
      vertex -38.987 -33.8573 0
      vertex -41.4976 -40.125 0
      vertex -38.987 -3.46769 0
    endloop
  endfacet
  facet normal 0.31069 0.645063 0.698115
    outer loop
      vertex 3.16998 -39.6021 2.49
      vertex 3.075 -39.6021 2.53227
      vertex 3.58834 -39.8036 2.49
    endloop
  endfacet
  facet normal 0 0 -1
    outer loop
      vertex -32.918 39.0816 0
      vertex -33.4301 39.0816 0
      vertex -38.25 42 0
    endloop
  endfacet
  facet normal 0 0 -1
    outer loop
      vertex -3.59296 39.0816 0
      vertex -32.918 39.0816 0
      vertex -38.25 42 0
    endloop
  endfacet
  facet normal 0 -1 0
    outer loop
      vertex 3.075 -2.39785 0.69
      vertex 38.925 -2.39785 0.69
      vertex 4.96184 -2.39785 2.49
    endloop
  endfacet
  facet normal 0 0 -1
    outer loop
      vertex -38.8599 3.24739 0
      vertex -37.8473 2.9184 0
      vertex -38.7716 -3.21872 0
    endloop
  endfacet
  facet normal -0 0 -1
    outer loop
      vertex -38.987 3.46769 0
      vertex -41.4976 -40.125 0
      vertex -38.987 7.65697 0
    endloop
  endfacet
  facet normal -0.698076 0.159322 0.698074
    outer loop
      vertex 39.85 -38 2.49
      vertex 39.6668 -38.8027 2.49
      vertex 41.6385 -39.5992 4.64349
    endloop
  endfacet
  facet normal 0.310697 0.645085 0.698093
    outer loop
      vertex 3.58834 -39.8036 2.49
      vertex 3.075 -39.6021 2.53227
      vertex 1.30726 -41.4212 5
    endloop
  endfacet
  facet normal 0 0 -1
    outer loop
      vertex -38.8599 3.24739 0
      vertex -38.7716 -3.21872 0
      vertex -38.8599 -3.24739 0
    endloop
  endfacet
  facet normal 0.310556 0.645192 0.698056
    outer loop
      vertex 3.075 -39.6021 2.53227
      vertex 2.84654 -39.4464 2.49
      vertex 1.29055 -41.4131 5
    endloop
  endfacet
  facet normal 0 -0 -1
    outer loop
      vertex -38.8599 3.24739 0
      vertex -38.8599 -3.24739 0
      vertex -38.9738 -3.4448 0
    endloop
  endfacet
  facet normal 0 -0 -1
    outer loop
      vertex -37.8473 2.9184 0
      vertex -37.8473 -2.9184 0
      vertex -38.7716 -3.21872 0
    endloop
  endfacet
  facet normal 0 0 -1
    outer loop
      vertex 3.01296 38.5323 0
      vertex -2.84 33.325 0
      vertex -2.84 33.8107 0
    endloop
  endfacet
  facet normal 0 0 1
    outer loop
      vertex 39.1535 -2.55361 2.49
      vertex 39.0643 -2.63906 2.49
      vertex 39.0651 -2.64057 2.49
    endloop
  endfacet
  facet normal -0 0 -1
    outer loop
      vertex -37.8473 39.0816 0
      vertex -38.3722 38.9111 0
      vertex -38.25 42 0
    endloop
  endfacet
  facet normal 0 0 -1
    outer loop
      vertex -33.4301 39.0816 0
      vertex -37.8473 39.0816 0
      vertex -38.25 42 0
    endloop
  endfacet
  facet normal -0 0 -1
    outer loop
      vertex -38.987 -3.46769 0
      vertex -41.4976 -40.125 0
      vertex -38.987 3.46769 0
    endloop
  endfacet
  facet normal -0 0 -1
    outer loop
      vertex -38.9738 3.4448 0
      vertex -38.987 -3.46769 0
      vertex -38.987 3.46769 0
    endloop
  endfacet
  facet normal 0 0 -1
    outer loop
      vertex -32.918 2.9184 0
      vertex -3.59296 2.9184 0
      vertex -5.36808 -2.9184 0
    endloop
  endfacet
  facet normal -0.707107 0 0.707107
    outer loop
      vertex 39.85 -4 2.49
      vertex 39.85 -38 2.49
      vertex 42 -32.1154 4.64
    endloop
  endfacet
  facet normal 6.3228e-05 0.716021 0.698078
    outer loop
      vertex 38.3575 -41.9712 4.71332
      vertex 38.4117 -39.8036 2.49
      vertex 38.25 -42 4.74287
    endloop
  endfacet
  facet normal 0 0 -1
    outer loop
      vertex 3.01296 5.71249 0
      vertex -2.95397 3.80259 0
      vertex -2.84 4 0
    endloop
  endfacet
  facet normal 0 -1 0
    outer loop
      vertex 3.075 -2.39785 0.69
      vertex 4.96184 -2.39785 2.49
      vertex 3.16998 -2.39785 2.49
    endloop
  endfacet
  facet normal 0 -0 -1
    outer loop
      vertex -33.4301 2.9184 0
      vertex -33.4301 -2.9184 0
      vertex -37.8473 -2.9184 0
    endloop
  endfacet
  facet normal -0.698074 -0.159331 0.698074
    outer loop
      vertex 42 -2.42274 5
      vertex 39.85 -4 2.49
      vertex 42 -4 4.64
    endloop
  endfacet
  facet normal 0 0 -1
    outer loop
      vertex -38.9738 -3.4448 0
      vertex -38.9738 3.4448 0
      vertex -38.8599 3.24739 0
    endloop
  endfacet
  facet normal 0 0 -1
    outer loop
      vertex 3.14015 38.7526 0
      vertex -3.59296 39.0816 0
      vertex 3.22839 38.7813 0
    endloop
  endfacet
  facet normal 0 0 1
    outer loop
      vertex 38.83 -2.39785 2.49
      vertex 38.4117 -2.19638 2.49
      vertex 23.6463 -2.39785 2.49
    endloop
  endfacet
  facet normal 0 -0 -1
    outer loop
      vertex -38.987 -33.8573 0
      vertex -38.987 -34.343 0
      vertex -41.4976 -40.125 0
    endloop
  endfacet
  facet normal 0 0 1
    outer loop
      vertex 2.93385 -39.3577 2.49
      vertex 2.84654 -39.4464 2.49
      vertex 3.02632 -39.5178 2.49
    endloop
  endfacet
  facet normal 0 0 1
    outer loop
      vertex 38.4117 -2.19638 2.49
      vertex 3.58834 -2.19638 2.49
      vertex 23.6463 -2.39785 2.49
    endloop
  endfacet
  facet normal 0 0 -1
    outer loop
      vertex -2.84 4 0
      vertex 3.01296 7.65697 0
      vertex 3.01296 5.71249 0
    endloop
  endfacet
  facet normal 0 0 -1
    outer loop
      vertex -2.96719 38.2203 0
      vertex -3.59296 39.0816 0
      vertex 3.14015 38.7526 0
    endloop
  endfacet
  facet normal -0 0 -1
    outer loop
      vertex 3.02617 38.5552 0
      vertex -2.96719 38.2203 0
      vertex 3.14015 38.7526 0
    endloop
  endfacet
  facet normal 0 0 1
    outer loop
      vertex 39.1535 -2.55361 2.49
      vertex 38.9616 -2.46121 2.49
      vertex 39.0141 -2.55221 2.49
    endloop
  endfacet
  facet normal 0 0 -1
    outer loop
      vertex 38.25 42 0
      vertex 9.08204 39.0816 0
      vertex 8.5699 39.0816 0
    endloop
  endfacet
  facet normal -0.310679 0.645102 0.698085
    outer loop
      vertex 38.8748 -41.8326 4.57116
      vertex 40.125 -41.4976 4.81798
      vertex 40.4053 -41.2173 4.6837
    endloop
  endfacet
  facet normal 0 0 -1
    outer loop
      vertex -41.4976 -40.125 0
      vertex -38.987 8.14269 0
      vertex -38.987 7.65697 0
    endloop
  endfacet
  facet normal -0 -0 1
    outer loop
      vertex 39.1583 -2.802 2.49
      vertex 39.8013 -3.91568 2.49
      vertex 39.1535 -2.55361 2.49
    endloop
  endfacet
  facet normal 0 0 -1
    outer loop
      vertex 3.01296 8.14269 0
      vertex -2.84 33.325 0
      vertex 3.01296 38.5323 0
    endloop
  endfacet
  facet normal 0 1 0
    outer loop
      vertex -38.925 -39.6021 0.69
      vertex -38.83 -39.6021 2.49
      vertex -38.2193 -39.6021 2.49
    endloop
  endfacet
  facet normal 0 0 1
    outer loop
      vertex -0.825376 40.8367 5
      vertex -0.0898716 39.9144 5
      vertex 0.803532 40.8093 5
    endloop
  endfacet
  facet normal 0 1 0
    outer loop
      vertex -37.0382 -39.6021 2.49
      vertex -38.925 -39.6021 0.69
      vertex -38.2193 -39.6021 2.49
    endloop
  endfacet
  facet normal 0 1 0
    outer loop
      vertex -38.83 -39.6021 2.49
      vertex -38.925 -39.6021 0.69
      vertex -38.925 -39.6021 2.53227
    endloop
  endfacet
  facet normal 1 0 0
    outer loop
      vertex -39.85 -38 0.69
      vertex -39.85 -36.2105 2.49
      vertex -39.85 -38 2.49
    endloop
  endfacet
  facet normal 1 0 0
    outer loop
      vertex -39.85 -38 0.69
      vertex -39.85 -4 0.69
      vertex -39.85 -36.2105 2.49
    endloop
  endfacet
  facet normal 0.866026 -0.499999 5.84233e-06
    outer loop
      vertex -39.85 -4 0.69
      vertex -38.925 -2.39785 0.69
      vertex -38.9737 -2.48218 2.49
    endloop
  endfacet
  facet normal 0 1 0
    outer loop
      vertex -3.08703 42 4.74287
      vertex 3.01785 42 4.77365
      vertex 3.08703 42 4.74287
    endloop
  endfacet
  facet normal 0 1 0
    outer loop
      vertex -2.99068 42 4.78575
      vertex 2.50925 42 5
      vertex 2.99068 42 4.78575
    endloop
  endfacet
  facet normal -0 1 0
    outer loop
      vertex 7.73638 42 4.74287
      vertex 34.3159 42 4.74287
      vertex -38.25 42 0
    endloop
  endfacet
  facet normal -0 1 0
    outer loop
      vertex 3.08703 42 4.74287
      vertex 7.73638 42 4.74287
      vertex -38.25 42 0
    endloop
  endfacet
  facet normal -0 1 0
    outer loop
      vertex -3.01785 42 4.77365
      vertex 3.01785 42 4.77365
      vertex -3.08703 42 4.74287
    endloop
  endfacet
  facet normal -1 0 0
    outer loop
      vertex -2.15 -4 0.69
      vertex -2.15 -5.78947 2.49
      vertex -2.15 -4 2.49
    endloop
  endfacet
  facet normal -0 1 0
    outer loop
      vertex -3.08703 42 4.74287
      vertex 3.08703 42 4.74287
      vertex -38.25 42 0
    endloop
  endfacet
  facet normal -0 1 0
    outer loop
      vertex -38.25 42 4.74287
      vertex -34.2636 42 4.74287
      vertex -38.25 42 0
    endloop
  endfacet
  facet normal 0 0 1
    outer loop
      vertex -2.84654 -2.55361 2.49
      vertex -2.84306 -2.79958 2.49
      vertex -2.84166 -2.802 2.49
    endloop
  endfacet
  facet normal 0 1 0
    outer loop
      vertex -38.25 42 0
      vertex -34.2636 42 4.74287
      vertex -3.08703 42 4.74287
    endloop
  endfacet
  facet normal 0 1 0
    outer loop
      vertex 2.99068 42 4.78575
      vertex 3.01785 42 4.77365
      vertex -3.01785 42 4.77365
    endloop
  endfacet
  facet normal -0 1 0
    outer loop
      vertex -2.50925 42 5
      vertex 2.50925 42 5
      vertex -2.99068 42 4.78575
    endloop
  endfacet
  facet normal -0 1 0
    outer loop
      vertex -2.99068 42 4.78575
      vertex 2.99068 42 4.78575
      vertex -3.01785 42 4.77365
    endloop
  endfacet
  facet normal -0.866026 -0.499999 1.0024e-06
    outer loop
      vertex -3.075 -2.39785 0.69
      vertex -2.15 -4 0.69
      vertex -2.19868 -3.91568 2.49
    endloop
  endfacet
  facet normal -0 0 1
    outer loop
      vertex -1.58919 0.44308 5
      vertex 0.408867 -1.68557 5
      vertex -1.30726 0.578849 5
    endloop
  endfacet
  facet normal -0 0 1
    outer loop
      vertex -2.98507 -2.55361 2.49
      vertex -2.98369 -2.55601 2.49
      vertex -2.84654 -2.55361 2.49
    endloop
  endfacet
  facet normal 0 0 1
    outer loop
      vertex -1.28158 0.591215 5
      vertex 0.408867 -1.68557 5
      vertex 0.960712 -0.993576 5
    endloop
  endfacet
  facet normal 0 0 1
    outer loop
      vertex -39.6668 -3.19731 2.49
      vertex -39.3837 -3.19237 2.49
      vertex -39.1535 -2.55361 2.49
    endloop
  endfacet
  facet normal -0 0 1
    outer loop
      vertex -1.29055 0.586897 5
      vertex 0.408867 -1.68557 5
      vertex -1.28158 0.591215 5
    endloop
  endfacet
  facet normal 0 0 1
    outer loop
      vertex -39.3837 -3.19237 2.49
      vertex -39.0149 -2.55361 2.49
      vertex -39.1535 -2.55361 2.49
    endloop
  endfacet
  facet normal -0 0 1
    outer loop
      vertex -1.28158 0.591215 5
      vertex 0.960712 -0.993576 5
      vertex -0.960712 0.993576 5
    endloop
  endfacet
  facet normal -0 0 1
    outer loop
      vertex -1.30726 0.578849 5
      vertex 0.408867 -1.68557 5
      vertex -1.29055 0.586897 5
    endloop
  endfacet
  facet normal 0 0 1
    outer loop
      vertex -39.85 -38 2.49
      vertex -39.6668 -38.8027 2.49
      vertex -39.4881 -38.6268 2.49
    endloop
  endfacet
  facet normal -0.654658 0.377929 0.65467
    outer loop
      vertex -2.96719 -38.2203 0
      vertex -2.15 -38 0.69
      vertex -2.95397 -38.1974 0
    endloop
  endfacet
  facet normal 0 0 1
    outer loop
      vertex -2.84654 -2.55361 2.49
      vertex -2.93574 -2.63906 2.49
      vertex -2.93487 -2.64057 2.49
    endloop
  endfacet
  facet normal 0 0 1
    outer loop
      vertex -3.16998 -2.39785 2.49
      vertex -3.58834 -2.19638 2.49
      vertex -18.3537 -2.39785 2.49
    endloop
  endfacet
  facet normal 0 0 1
    outer loop
      vertex -41.9282 2.10827 5
      vertex -41.1266 -1.10308 5
      vertex -41.0762 1.0399 5
    endloop
  endfacet
  facet normal 0 0 1
    outer loop
      vertex -3.58834 -2.19638 2.49
      vertex -38.4117 -2.19638 2.49
      vertex -18.3537 -2.39785 2.49
    endloop
  endfacet
  facet normal 0 0 1
    outer loop
      vertex -2.84654 -2.55361 2.49
      vertex -3.03842 -2.46121 2.49
      vertex -2.98588 -2.55221 2.49
    endloop
  endfacet
  facet normal 0 -0 1
    outer loop
      vertex -41.9282 -2.10827 5
      vertex -41.9282 2.10827 5
      vertex -41.9346 2.13605 5
    endloop
  endfacet
  facet normal -0 -0 1
    outer loop
      vertex -2.84166 -2.802 2.49
      vertex -2.19868 -3.91568 2.49
      vertex -2.84654 -2.55361 2.49
    endloop
  endfacet
  facet normal 0 0 1
    outer loop
      vertex -42 -2.42274 5
      vertex -41.9346 -2.13605 5
      vertex -42 2.42274 5
    endloop
  endfacet
  facet normal 0 0 1
    outer loop
      vertex -41.9346 -2.13605 5
      vertex -41.9282 -2.10827 5
      vertex -41.9346 2.13605 5
    endloop
  endfacet
  facet normal 0 0 1
    outer loop
      vertex -42 2.42274 5
      vertex -41.9346 -2.13605 5
      vertex -41.9346 2.13605 5
    endloop
  endfacet
  facet normal 0 1 0
    outer loop
      vertex -3.075 -39.6021 0.69
      vertex -38.925 -39.6021 0.69
      vertex -37.0382 -39.6021 2.49
    endloop
  endfacet
  facet normal 0 0 1
    outer loop
      vertex -2.84654 -2.55361 2.49
      vertex -2.19868 -3.91568 2.49
      vertex -2.15 -4 2.49
    endloop
  endfacet
  facet normal -0 0 0
    outer loop
      vertex -2.15 -5.78947 2.49
      vertex -2.15 -38 2.49
      vertex -2.15 -4 2.49
    endloop
  endfacet
  facet normal 0.710316 0.40944 0.572548
    outer loop
      vertex -39.85 -38 0.69
      vertex -38.9738 -38.5552 0
      vertex -38.987 -38.5323 0
    endloop
  endfacet
  facet normal 0 0 1
    outer loop
      vertex -0.366322 1.73892 5
      vertex 1.74206 -0.369462 5
      vertex 1.26382 0.613497 5
    endloop
  endfacet
  facet normal 0 0 1
    outer loop
      vertex 1.74763 -0.36678 5
      vertex 2.50925 -1.34631e-17 5
      vertex 1.74763 0.36678 5
    endloop
  endfacet
  facet normal 0 0 1
    outer loop
      vertex -2.84654 -2.55361 2.49
      vertex -2.98369 -2.55601 2.49
      vertex -2.98202 -2.55891 2.49
    endloop
  endfacet
  facet normal -0.31084 0.645498 0.697646
    outer loop
      vertex -3.03842 -39.5388 2.49
      vertex -3.075 -39.6021 2.53227
      vertex -2.84654 -39.4464 2.49
    endloop
  endfacet
  facet normal 0 -0 1
    outer loop
      vertex 1.74206 -0.369462 5
      vertex 1.74763 0.36678 5
      vertex 1.30726 0.578849 5
    endloop
  endfacet
  facet normal 0 0 1
    outer loop
      vertex 0.0710097 2.11162 5
      vertex -0.0717757 2.10827 5
      vertex 0.0717757 2.10827 5
    endloop
  endfacet
  facet normal -0.309581 0.645799 0.697928
    outer loop
      vertex -2.84654 -39.4464 2.49
      vertex -1.29055 -41.4131 5
      vertex -1.28158 -41.4088 5
    endloop
  endfacet
  facet normal -0 0 1
    outer loop
      vertex -0.0717757 2.10827 5
      vertex -0.0875673 2.08846 5
      vertex 0.0717757 2.10827 5
    endloop
  endfacet
  facet normal -0.312191 0.644038 0.698392
    outer loop
      vertex -1.29055 -41.4131 5
      vertex -3.075 -39.6021 2.53227
      vertex -1.30726 -41.4212 5
    endloop
  endfacet
  facet normal -0 0 1
    outer loop
      vertex -0.0875673 2.08846 5
      vertex -0.0895451 2.08598 5
      vertex 0.0717757 2.10827 5
    endloop
  endfacet
  facet normal -0 0 1
    outer loop
      vertex -2.84654 -2.79355 2.49
      vertex -2.84306 -2.79958 2.49
      vertex -2.84654 -2.55361 2.49
    endloop
  endfacet
  facet normal 0 0 1
    outer loop
      vertex -2.33321 -38.8027 2.49
      vertex -2.84654 -39.2064 2.49
      vertex -2.84654 -39.4464 2.49
    endloop
  endfacet
  facet normal 0 0 1
    outer loop
      vertex 1.74206 -0.369462 5
      vertex 1.29055 0.586897 5
      vertex 1.28158 0.591215 5
    endloop
  endfacet
  facet normal 0 0 1
    outer loop
      vertex -2.33992 -38.3289 2.49
      vertex -2.84654 -39.2064 2.49
      vertex -2.33321 -38.8027 2.49
    endloop
  endfacet
  facet normal 0 0 1
    outer loop
      vertex 1.74206 -0.369462 5
      vertex 1.30726 0.578849 5
      vertex 1.29055 0.586897 5
    endloop
  endfacet
  facet normal -0 0 1
    outer loop
      vertex -0.0654339 2.13605 5
      vertex -0.0710097 2.11162 5
      vertex 0.0654339 2.13605 5
    endloop
  endfacet
  facet normal -0.310671 -0.645119 0.698072
    outer loop
      vertex -3.16998 -2.39785 2.49
      vertex -3.075 -2.39785 2.53227
      vertex -3.58834 -2.19638 2.49
    endloop
  endfacet
  facet normal -0.31067 -0.645119 0.698073
    outer loop
      vertex -3.58834 -2.19638 2.49
      vertex -3.075 -2.39785 2.53227
      vertex -3.08703 -2.37166e-16 4.74287
    endloop
  endfacet
  facet normal 0 0 1
    outer loop
      vertex 1.74206 -0.369462 5
      vertex 1.28158 0.591215 5
      vertex 1.26382 0.613497 5
    endloop
  endfacet
  facet normal -0 0 1
    outer loop
      vertex -0.0895451 2.08598 5
      vertex -0.366322 1.73892 5
      vertex 0.0717757 2.10827 5
    endloop
  endfacet
  facet normal -0.310864 -0.645072 0.69803
    outer loop
      vertex -3.01785 -6.96758e-17 4.77365
      vertex -3.075 -2.39785 2.53227
      vertex -2.99068 -3.89663e-18 4.78575
    endloop
  endfacet
  facet normal 0 0 1
    outer loop
      vertex -3.03842 -39.5388 2.49
      vertex -2.84654 -39.4464 2.49
      vertex -3.02632 -39.5178 2.49
    endloop
  endfacet
  facet normal 0 0 1
    outer loop
      vertex -0.0654339 2.13605 5
      vertex 0.0654339 2.13605 5
      vertex 0 2.42274 5
    endloop
  endfacet
  facet normal 0 0 1
    outer loop
      vertex -3.16998 -39.6021 2.49
      vertex -3.58432 -39.6021 2.49
      vertex -3.58834 -39.8036 2.49
    endloop
  endfacet
  facet normal -0 0 1
    outer loop
      vertex -0.366322 1.73892 5
      vertex 1.26382 0.613497 5
      vertex 0.0717757 2.10827 5
    endloop
  endfacet
  facet normal 0 0 1
    outer loop
      vertex -3.02632 -39.5178 2.49
      vertex -2.84654 -39.4464 2.49
      vertex -2.84654 -39.2064 2.49
    endloop
  endfacet
  facet normal -0 0 1
    outer loop
      vertex -0.0710097 2.11162 5
      vertex -0.0717757 2.10827 5
      vertex 0.0710097 2.11162 5
    endloop
  endfacet
  facet normal 0.86646 0.499246 6.12023e-05
    outer loop
      vertex -38.9616 -39.5388 2.49
      vertex -38.925 -39.6021 0.69
      vertex -38.9737 -39.5178 2.49
    endloop
  endfacet
  facet normal 0 0 1
    outer loop
      vertex -0.0710097 2.11162 5
      vertex 0.0710097 2.11162 5
      vertex 0.0654339 2.13605 5
    endloop
  endfacet
  facet normal 0 0 1
    outer loop
      vertex -2.84654 -2.55361 2.49
      vertex -2.85116 -2.78555 2.49
      vertex -2.84654 -2.79355 2.49
    endloop
  endfacet
  facet normal -0.865826 0.500346 0
    outer loop
      vertex -3.03842 -39.5388 2.49
      vertex -3.075 -39.6021 0.69
      vertex -3.075 -39.6021 2.53227
    endloop
  endfacet
  facet normal -0.65464 -0.378084 0.654599
    outer loop
      vertex -2.95397 -3.80259 0
      vertex -2.15 -4 0.69
      vertex -2.96719 -3.7797 0
    endloop
  endfacet
  facet normal 0.258799 0.965931 -7.85312e-06
    outer loop
      vertex 40.125 41.4976 0
      vertex 38.3575 41.9712 4.71332
      vertex 38.8748 41.8326 4.57116
    endloop
  endfacet
  facet normal 0.259693 0.965691 0.000228091
    outer loop
      vertex 39.021 41.7934 4.60002
      vertex 40.125 41.4976 0
      vertex 38.9775 41.8051 4.59144
    endloop
  endfacet
  facet normal 0.258806 0.965929 -0
    outer loop
      vertex 40.125 41.4976 0
      vertex 39.021 41.7934 4.60002
      vertex 40.125 41.4976 4.81798
    endloop
  endfacet
  facet normal 0 0 1
    outer loop
      vertex -3.58432 -39.6021 2.49
      vertex -37.0382 -39.6021 2.49
      vertex -3.58834 -39.8036 2.49
    endloop
  endfacet
  facet normal 0.258666 0.965967 -4.68525e-05
    outer loop
      vertex 40.125 41.4976 0
      vertex 38.8748 41.8326 4.57116
      vertex 38.9775 41.8051 4.59144
    endloop
  endfacet
  facet normal -0 0 1
    outer loop
      vertex -2.93287 -2.64403 2.49
      vertex -2.85116 -2.78555 2.49
      vertex -2.84654 -2.55361 2.49
    endloop
  endfacet
  facet normal 0 0 1
    outer loop
      vertex -37.0382 -39.6021 2.49
      vertex -38.2193 -39.6021 2.49
      vertex -38.4117 -39.8036 2.49
    endloop
  endfacet
  facet normal 0 0 -1
    outer loop
      vertex -2.90026 -3.89562 0
      vertex 4.35913 2.9184 0
      vertex 3.14015 -3.24739 0
    endloop
  endfacet
  facet normal -0 0 -1
    outer loop
      vertex 4.96733 -39.0816 0
      vertex -41.4976 -40.125 0
      vertex 4.15267 -39.0816 0
    endloop
  endfacet
  facet normal -0 0 -1
    outer loop
      vertex 42 -38.25 0
      vertex 38.9617 -38.3182 0
      vertex 39.0328 -38.2203 0
    endloop
  endfacet
  facet normal 0 0 -1
    outer loop
      vertex 42 -38.25 0
      vertex 39.046 -38.1974 0
      vertex 39.16 -38 0
    endloop
  endfacet
  facet normal 0 0 -1
    outer loop
      vertex 42 -38.25 0
      vertex 39.16 -8.18929 0
      vertex 39.16 -4 0
    endloop
  endfacet
  facet normal -0 0 -1
    outer loop
      vertex 3.14015 -38.7526 0
      vertex -3.59296 -39.0816 0
      vertex -3.31317 -38.6965 0
    endloop
  endfacet
  facet normal -0 0 1
    outer loop
      vertex 39.0661 -2.64233 2.49
      vertex 39.0671 -2.64403 2.49
      vertex 39.1535 -2.55361 2.49
    endloop
  endfacet
  facet normal -0.310692 -0.645112 0.69807
    outer loop
      vertex 38.4117 -2.19638 2.49
      vertex 38.925 -2.39785 2.53227
      vertex 38.913 -2.37166e-16 4.74287
    endloop
  endfacet
  facet normal 0 1 0
    outer loop
      vertex 38.925 -39.6021 0.69
      vertex 3.075 -39.6021 0.69
      vertex 4.96184 -39.6021 2.49
    endloop
  endfacet
  facet normal -0.311594 -0.644896 0.697867
    outer loop
      vertex 38.9822 -6.96758e-17 4.77365
      vertex 38.925 -2.39785 2.53227
      vertex 39.0093 -3.89663e-18 4.78575
    endloop
  endfacet
  facet normal 0 -0 -1
    outer loop
      vertex 42 38.25 0
      vertex 42 -38.25 0
      vertex 39.16 -4 0
    endloop
  endfacet
  facet normal 0 0 1
    outer loop
      vertex 38.9616 -39.5388 2.49
      vertex 39.1535 -39.4464 2.49
      vertex 38.9737 -39.5178 2.49
    endloop
  endfacet
  facet normal 0 0 -1
    outer loop
      vertex 42 -38.25 0
      vertex 39.16 -8.675 0
      vertex 39.16 -8.18929 0
    endloop
  endfacet
  facet normal 0 0 1
    outer loop
      vertex 38.83 -39.6021 2.49
      vertex 38.4157 -39.6021 2.49
      vertex 38.4117 -39.8036 2.49
    endloop
  endfacet
  facet normal 0 0 -1
    outer loop
      vertex 42 -38.25 0
      vertex 39.0328 -38.2203 0
      vertex 39.046 -38.1974 0
    endloop
  endfacet
  facet normal 0 0 1
    outer loop
      vertex 38.9737 -39.5178 2.49
      vertex 39.1535 -39.4464 2.49
      vertex 39.1535 -39.2064 2.49
    endloop
  endfacet
  facet normal 0 0 -1
    outer loop
      vertex 42 -38.25 0
      vertex 39.16 -38 0
      vertex 39.16 -8.675 0
    endloop
  endfacet
  facet normal 0 -0 -1
    outer loop
      vertex 39.16 4 0
      vertex 39.16 -4 0
      vertex 39.046 -3.80259 0
    endloop
  endfacet
  facet normal 0 0 -1
    outer loop
      vertex 42 38.25 0
      vertex 39.16 4 0
      vertex 39.16 33.325 0
    endloop
  endfacet
  facet normal 0 0 -1
    outer loop
      vertex 42 38.25 0
      vertex 39.16 33.325 0
      vertex 39.16 33.8107 0
    endloop
  endfacet
  facet normal 0 0 1
    outer loop
      vertex 39.1535 -2.55361 2.49
      vertex 39.8013 -3.91568 2.49
      vertex 39.85 -4 2.49
    endloop
  endfacet
  facet normal 0 0 -1
    outer loop
      vertex 42 38.25 0
      vertex 39.16 33.8107 0
      vertex 39.16 35.5842 0
    endloop
  endfacet
  facet normal 0.86646 0.499246 5.1575e-05
    outer loop
      vertex 3.03842 -39.5388 2.49
      vertex 3.075 -39.6021 0.69
      vertex 3.02632 -39.5178 2.49
    endloop
  endfacet
  facet normal 0 -0 -1
    outer loop
      vertex 39.046 3.80259 0
      vertex 39.046 -3.80259 0
      vertex 39.0328 -3.7797 0
    endloop
  endfacet
  facet normal 0 0 -1
    outer loop
      vertex 39.0328 3.7797 0
      vertex 39.046 3.80259 0
      vertex 39.0328 -3.7797 0
    endloop
  endfacet
  facet normal 0 0 -1
    outer loop
      vertex 39.16 4 0
      vertex 39.046 -3.80259 0
      vertex 39.046 3.80259 0
    endloop
  endfacet
  facet normal 0 0 -1
    outer loop
      vertex 38.6868 3.3035 0
      vertex 39.0328 3.7797 0
      vertex 39.0328 -3.7797 0
    endloop
  endfacet
  facet normal -0 0 0
    outer loop
      vertex 39.85 -5.78947 2.49
      vertex 39.85 -38 2.49
      vertex 39.85 -4 2.49
    endloop
  endfacet
  facet normal 0.71034 0.409764 0.572286
    outer loop
      vertex 3.01296 -38.5323 0
      vertex 2.15 -38 0.69
      vertex 3.02617 -38.5552 0
    endloop
  endfacet
  facet normal 0 0 1
    outer loop
      vertex 39.1535 -2.55361 2.49
      vertex 39.1488 -2.78555 2.49
      vertex 39.1535 -2.79355 2.49
    endloop
  endfacet
  facet normal 0 0 -1
    outer loop
      vertex 38.6868 3.3035 0
      vertex 38.407 -2.9184 0
      vertex 38.407 2.9184 0
    endloop
  endfacet
  facet normal 0 -0 -1
    outer loop
      vertex 38.407 2.9184 0
      vertex 38.407 -2.9184 0
      vertex 9.08204 -2.9184 0
    endloop
  endfacet
  facet normal 0 0 1
    outer loop
      vertex 39.1535 -2.55361 2.49
      vertex 39.0163 -2.55601 2.49
      vertex 39.018 -2.55891 2.49
    endloop
  endfacet
  facet normal -0 0 -1
    outer loop
      vertex 9.08204 2.9184 0
      vertex 8.5699 -2.9184 0
      vertex 8.5699 2.9184 0
    endloop
  endfacet
  facet normal -0.865707 0.500551 0
    outer loop
      vertex 38.9616 -39.5388 2.49
      vertex 38.925 -39.6021 0.69
      vertex 38.925 -39.6021 2.53227
    endloop
  endfacet
  facet normal 0 0 -1
    outer loop
      vertex 3.14015 -3.24739 0
      vertex 4.35913 2.9184 0
      vertex 3.22839 -3.21872 0
    endloop
  endfacet
  facet normal -0.654699 -0.377546 0.65485
    outer loop
      vertex 39.046 -3.80259 0
      vertex 39.85 -4 0.69
      vertex 39.0328 -3.7797 0
    endloop
  endfacet
  facet normal -0 0 -1
    outer loop
      vertex 4.15267 -39.0816 0
      vertex -41.4976 -40.125 0
      vertex -3.59296 -39.0816 0
    endloop
  endfacet
  facet normal 0 0 1
    outer loop
      vertex 38.4157 -39.6021 2.49
      vertex 4.96184 -39.6021 2.49
      vertex 38.4117 -39.8036 2.49
    endloop
  endfacet
  facet normal 0 0 -1
    outer loop
      vertex 8.5699 -2.9184 0
      vertex 4.35913 2.9184 0
      vertex 8.5699 2.9184 0
    endloop
  endfacet
  facet normal -0 0 1
    outer loop
      vertex 39.0671 -2.64403 2.49
      vertex 39.1488 -2.78555 2.49
      vertex 39.1535 -2.55361 2.49
    endloop
  endfacet
  facet normal 0 0 -1
    outer loop
      vertex 3.22839 -3.21872 0
      vertex 4.35913 2.9184 0
      vertex 4.15267 -2.9184 0
    endloop
  endfacet
  facet normal 0 0 1
    outer loop
      vertex 4.96184 -39.6021 2.49
      vertex 3.78069 -39.6021 2.49
      vertex 3.58834 -39.8036 2.49
    endloop
  endfacet
  facet normal 0 0 1
    outer loop
      vertex 3.02632 -39.5178 2.49
      vertex 2.84654 -39.4464 2.49
      vertex 3.03842 -39.5388 2.49
    endloop
  endfacet
  facet normal 0 0 1
    outer loop
      vertex 4.96184 -39.6021 2.49
      vertex 3.58834 -39.8036 2.49
      vertex 38.4117 -39.8036 2.49
    endloop
  endfacet
  facet normal 0 -1 0
    outer loop
      vertex 3.075 -2.39785 0.69
      vertex 3.16998 -2.39785 2.49
      vertex 3.075 -2.39785 2.53227
    endloop
  endfacet
  facet normal 0 0 -1
    outer loop
      vertex 3.14015 -3.24739 0
      vertex 3.02617 -3.4448 0
      vertex -2.90026 -3.89562 0
    endloop
  endfacet
  facet normal -0.707107 0 0.707107
    outer loop
      vertex 39.85 -38 0.69
      vertex 39.85 -4 0.69
      vertex 39.16 -8.675 0
    endloop
  endfacet
  facet normal 0 0 -1
    outer loop
      vertex 42 38.25 0
      vertex 39.16 -4 0
      vertex 39.16 4 0
    endloop
  endfacet
  facet normal 0 0 -1
    outer loop
      vertex 3.02617 -38.5552 0
      vertex -2.96719 -38.2203 0
      vertex 3.01296 -38.5323 0
    endloop
  endfacet
  facet normal -0 0 -1
    outer loop
      vertex -3.59296 -39.0816 0
      vertex -41.4976 -40.125 0
      vertex -32.918 -39.0816 0
    endloop
  endfacet
  facet normal 0 0 -1
    outer loop
      vertex 4.15267 -39.0816 0
      vertex -3.59296 -39.0816 0
      vertex 3.14015 -38.7526 0
    endloop
  endfacet
  facet normal 0 0 -1
    outer loop
      vertex -2.84 -4 0
      vertex -2.90026 -3.89562 0
      vertex 3.01296 -3.46769 0
    endloop
  endfacet
  facet normal 0 0 -1
    outer loop
      vertex 3.02617 -3.4448 0
      vertex 3.01296 -3.46769 0
      vertex -2.90026 -3.89562 0
    endloop
  endfacet
  facet normal -0 0 -1
    outer loop
      vertex -33.4301 -39.0816 0
      vertex -41.4976 -40.125 0
      vertex -37.8473 -39.0816 0
    endloop
  endfacet
  facet normal 0 -0 1
    outer loop
      vertex 3.58834 -39.8036 2.49
      vertex 3.78069 -39.6021 2.49
      vertex 3.16998 -39.6021 2.49
    endloop
  endfacet
  facet normal 0 0 -1
    outer loop
      vertex 3.01296 -38.5323 0
      vertex -2.84 -38 0
      vertex 3.01296 -34.343 0
    endloop
  endfacet
  facet normal -0.866019 0.500011 1.34447e-05
    outer loop
      vertex 38.925 -39.6021 0.69
      vertex 38.9737 -39.5178 2.49
      vertex 39.85 -38 0.69
    endloop
  endfacet
  facet normal 0 0 -1
    outer loop
      vertex -2.84 -38 0
      vertex 3.01296 -33.8573 0
      vertex 3.01296 -34.343 0
    endloop
  endfacet
  facet normal -0.86646 0.499246 6.12023e-05
    outer loop
      vertex 38.9737 -39.5178 2.49
      vertex 38.925 -39.6021 0.69
      vertex 38.9616 -39.5388 2.49
    endloop
  endfacet
  facet normal 0 -0 -1
    outer loop
      vertex -2.96719 -38.2203 0
      vertex 3.14015 -38.7526 0
      vertex -3.31317 -38.6965 0
    endloop
  endfacet
  facet normal -0 0 1
    outer loop
      vertex 39.018 -2.55891 2.49
      vertex 39.0643 -2.63906 2.49
      vertex 39.1535 -2.55361 2.49
    endloop
  endfacet
  facet normal 0 0 -1
    outer loop
      vertex 3.14015 -38.7526 0
      vertex -2.96719 -38.2203 0
      vertex 3.02617 -38.5552 0
    endloop
  endfacet
  facet normal 0 0 -1
    outer loop
      vertex 4.15267 -2.9184 0
      vertex 4.35913 2.9184 0
      vertex 8.5699 -2.9184 0
    endloop
  endfacet
  facet normal 0 0 0
    outer loop
      vertex 2.15 -38 2.49
      vertex 2.15 -36.2105 2.49
      vertex 2.15 -4 2.49
    endloop
  endfacet
  facet normal -0 0 -1
    outer loop
      vertex -38.9738 -38.5552 0
      vertex -41.4976 -40.125 0
      vertex -38.987 -38.5323 0
    endloop
  endfacet
  facet normal -0 0 -1
    outer loop
      vertex -32.918 -39.0816 0
      vertex -41.4976 -40.125 0
      vertex -33.4301 -39.0816 0
    endloop
  endfacet
  facet normal -0 0 -1
    outer loop
      vertex -37.8473 -39.0816 0
      vertex -41.4976 -40.125 0
      vertex -38.8599 -38.7526 0
    endloop
  endfacet
  facet normal 0.865974 -0.50009 9.79125e-05
    outer loop
      vertex 3.02632 -2.48218 2.49
      vertex 2.98507 -2.55361 2.49
      vertex 2.15 -4 0.69
    endloop
  endfacet
  facet normal 0 0 -1
    outer loop
      vertex -2.84 -8.18929 0
      vertex -2.84 -4 0
      vertex 3.01296 -3.46769 0
    endloop
  endfacet
  facet normal -0.559389 -0.446868 0.698135
    outer loop
      vertex 39.1535 -2.55361 2.49
      vertex 40.7362 -0.613497 5
      vertex 40.7184 -0.591215 5
    endloop
  endfacet
  facet normal 0 0 -1
    outer loop
      vertex -2.95397 -38.1974 0
      vertex -2.84 -38 0
      vertex 3.01296 -38.5323 0
    endloop
  endfacet
  facet normal 0 0 -1
    outer loop
      vertex -2.96719 -38.2203 0
      vertex -2.95397 -38.1974 0
      vertex 3.01296 -38.5323 0
    endloop
  endfacet
  facet normal 0 0 -1
    outer loop
      vertex 8.5699 -2.9184 0
      vertex 9.08204 2.9184 0
      vertex 9.08204 -2.9184 0
    endloop
  endfacet
  facet normal -0.310837 0.645558 0.697592
    outer loop
      vertex 38.9616 -39.5388 2.49
      vertex 38.925 -39.6021 2.53227
      vertex 39.1535 -39.4464 2.49
    endloop
  endfacet
  facet normal 0 0 1
    outer loop
      vertex 39.6668 -3.19731 2.49
      vertex 39.1535 -2.55361 2.49
      vertex 39.85 -4 2.49
    endloop
  endfacet
  facet normal 0.86603 -0.499992 -7.23771e-06
    outer loop
      vertex 2.98507 -2.55361 2.49
      vertex 2.61629 -3.19237 2.49
      vertex 2.15 -4 0.69
    endloop
  endfacet
  facet normal -0 0 -1
    outer loop
      vertex -38.8599 -38.7526 0
      vertex -41.4976 -40.125 0
      vertex -38.9738 -38.5552 0
    endloop
  endfacet
  facet normal 0.866019 0.500011 1.34447e-05
    outer loop
      vertex -39.85 -38 0.69
      vertex -38.9737 -39.5178 2.49
      vertex -38.925 -39.6021 0.69
    endloop
  endfacet
  facet normal 0 -0 -1
    outer loop
      vertex 38.6868 3.3035 0
      vertex 39.0328 -3.7797 0
      vertex 38.407 -2.9184 0
    endloop
  endfacet
  facet normal -0.3105 0.645227 0.698048
    outer loop
      vertex 40.4945 -41.1281 4.64093
      vertex 38.925 -39.6021 2.53227
      vertex 40.4613 -41.1613 4.65685
    endloop
  endfacet
  facet normal 0 0 -1
    outer loop
      vertex 9.08204 -2.9184 0
      vertex 9.08204 2.9184 0
      vertex 38.407 2.9184 0
    endloop
  endfacet
  facet normal -0 0 -1
    outer loop
      vertex -38.987 -38.5323 0
      vertex -41.4976 -40.125 0
      vertex -38.987 -37.7685 0
    endloop
  endfacet
  facet normal 0.560141 0.446104 0.698021
    outer loop
      vertex 1.28158 -41.4088 5
      vertex 2.84654 -39.4464 2.49
      vertex 1.26382 -41.3865 5
    endloop
  endfacet
  facet normal 0 0 -1
    outer loop
      vertex -2.84 -8.675 0
      vertex 3.01296 -33.8573 0
      vertex -2.84 -38 0
    endloop
  endfacet
  facet normal 0.866023 -0.500004 0
    outer loop
      vertex 2.61629 -3.19237 2.49
      vertex 2.15 -4 2.49
      vertex 2.15 -4 0.69
    endloop
  endfacet
  facet normal 0 0 -1
    outer loop
      vertex -2.84 -8.18929 0
      vertex 3.01296 -3.46769 0
      vertex -2.84 -8.675 0
    endloop
  endfacet
  facet normal 0 0 1
    outer loop
      vertex 4.96184 -2.39785 2.49
      vertex 3.58834 -2.19638 2.49
      vertex 3.16998 -2.39785 2.49
    endloop
  endfacet
  facet normal 0 -0 1
    outer loop
      vertex 2.98507 -2.55361 2.49
      vertex 3.02632 -2.48218 2.49
      vertex 2.84654 -2.55361 2.49
    endloop
  endfacet
  facet normal 0 0 -1
    outer loop
      vertex 3.01296 -33.8573 0
      vertex -2.84 -8.675 0
      vertex 3.01296 -3.46769 0
    endloop
  endfacet
  facet normal 0 0 1
    outer loop
      vertex -37.0382 -39.6021 2.49
      vertex -38.4117 -39.8036 2.49
      vertex -3.58834 -39.8036 2.49
    endloop
  endfacet
  facet normal -0.707107 0 0.707107
    outer loop
      vertex -2.15 -38 0.69
      vertex -2.15 -4 0.69
      vertex -2.84 -8.675 0
    endloop
  endfacet
  facet normal -0 0 1
    outer loop
      vertex -2.98202 -2.55891 2.49
      vertex -2.93574 -2.63906 2.49
      vertex -2.84654 -2.55361 2.49
    endloop
  endfacet
  facet normal 0 0 1
    outer loop
      vertex 42 2.42274 5
      vertex 41.9346 2.13605 5
      vertex 42 -2.42274 5
    endloop
  endfacet
  facet normal -0 0 1
    outer loop
      vertex 40.7094 0.586897 5
      vertex 40.7184 -0.591215 5
      vertex 40.7184 0.591215 5
    endloop
  endfacet
  facet normal 0 0 0
    outer loop
      vertex -39.85 -38 2.49
      vertex -39.85 -36.2105 2.49
      vertex -39.85 -4 2.49
    endloop
  endfacet
  facet normal 0 0 1
    outer loop
      vertex 41.9346 2.13605 5
      vertex 41.9282 2.10827 5
      vertex 41.9346 -2.13605 5
    endloop
  endfacet
  facet normal 0 0 1
    outer loop
      vertex -37.0382 -2.39785 2.49
      vertex -38.4117 -2.19638 2.49
      vertex -38.83 -2.39785 2.49
    endloop
  endfacet
  facet normal 0 -0 1
    outer loop
      vertex -39.0149 -2.55361 2.49
      vertex -38.9737 -2.48218 2.49
      vertex -39.1535 -2.55361 2.49
    endloop
  endfacet
  facet normal 0.624474 0 0.781045
    outer loop
      vertex -38.987 -37.7685 0
      vertex -39.85 -38 0.69
      vertex -38.987 -38.5323 0
    endloop
  endfacet
  facet normal 0 0 1
    outer loop
      vertex 40.7362 -0.613497 5
      vertex 40.7184 0.591215 5
      vertex 40.7184 -0.591215 5
    endloop
  endfacet
  facet normal 0 0 1
    outer loop
      vertex 41.9105 2.08598 5
      vertex 40.7184 0.591215 5
      vertex 40.7362 -0.613497 5
    endloop
  endfacet
  facet normal 0 0 1
    outer loop
      vertex 41.9282 -2.10827 5
      vertex 41.9105 2.08598 5
      vertex 40.7362 -0.613497 5
    endloop
  endfacet
  facet normal 0 0 1
    outer loop
      vertex -2.98588 -2.55221 2.49
      vertex -2.98507 -2.55361 2.49
      vertex -2.84654 -2.55361 2.49
    endloop
  endfacet
  facet normal 0 0 1
    outer loop
      vertex -39.1535 -2.55361 2.49
      vertex -38.9737 -2.48218 2.49
      vertex -38.9616 -2.46121 2.49
    endloop
  endfacet
  facet normal 1 0 -0
    outer loop
      vertex -39.85 -4 0.69
      vertex -39.85 -4 2.49
      vertex -39.85 -36.2105 2.49
    endloop
  endfacet
  facet normal 0 -0 1
    outer loop
      vertex -37.0382 -2.39785 2.49
      vertex -18.3537 -2.39785 2.49
      vertex -38.4117 -2.19638 2.49
    endloop
  endfacet
  facet normal -0 0 1
    outer loop
      vertex 39.4907 2.36105e-16 5
      vertex 40.2524 -0.36678 5
      vertex 40.2524 0.36678 5
    endloop
  endfacet
  facet normal 0.310638 -0.645146 0.698062
    outer loop
      vertex -38.9616 -2.46121 2.49
      vertex -38.925 -2.39785 2.53227
      vertex -39.1535 -2.55361 2.49
    endloop
  endfacet
  facet normal 0.865912 -0.500196 0
    outer loop
      vertex -38.9616 -2.46121 2.49
      vertex -38.925 -2.39785 0.69
      vertex -38.925 -2.39785 2.53227
    endloop
  endfacet
  facet normal 0 0 1
    outer loop
      vertex 40.7184 -0.591215 5
      vertex 40.7094 0.586897 5
      vertex 40.6927 0.578849 5
    endloop
  endfacet
  facet normal 0 0 1
    outer loop
      vertex 40.6927 0.578849 5
      vertex 40.2524 0.36678 5
      vertex 40.2524 -0.36678 5
    endloop
  endfacet
  facet normal 0 0 1
    outer loop
      vertex 40.7184 -0.591215 5
      vertex 40.6927 0.578849 5
      vertex 40.2524 -0.36678 5
    endloop
  endfacet
  facet normal 0 -0 1
    outer loop
      vertex -0.0717757 39.8917 5
      vertex 0.0843765 39.9075 5
      vertex -0.0898716 39.9144 5
    endloop
  endfacet
  facet normal 0 -0 1
    outer loop
      vertex -0.0654339 39.8639 5
      vertex 0.0654339 39.8639 5
      vertex -0.0710097 39.8884 5
    endloop
  endfacet
  facet normal -0 0 1
    outer loop
      vertex -0.0654339 39.8639 5
      vertex 0 39.5773 5
      vertex 0.0654339 39.8639 5
    endloop
  endfacet
  facet normal 0.310625 -0.645131 0.698082
    outer loop
      vertex -39.1535 -2.55361 2.49
      vertex -38.925 -2.39785 2.53227
      vertex -39.0093 -4.55134e-17 4.78575
    endloop
  endfacet
  facet normal 0 -0 1
    outer loop
      vertex -0.0710097 39.8884 5
      vertex 0.0710097 39.8884 5
      vertex -0.0717757 39.8917 5
    endloop
  endfacet
  facet normal 0.310519 -0.64515 0.698112
    outer loop
      vertex -38.9822 -9.95572e-17 4.77365
      vertex -38.925 -2.39785 2.53227
      vertex -38.913 -2.37166e-16 4.74287
    endloop
  endfacet
  facet normal -0 0 1
    outer loop
      vertex -2.93487 -2.64057 2.49
      vertex -2.93385 -2.64233 2.49
      vertex -2.84654 -2.55361 2.49
    endloop
  endfacet
  facet normal -0 0 1
    outer loop
      vertex -0.0710097 39.8884 5
      vertex 0.0654339 39.8639 5
      vertex 0.0710097 39.8884 5
    endloop
  endfacet
  facet normal 0 0 1
    outer loop
      vertex -0.0717757 39.8917 5
      vertex 0.0717757 39.8917 5
      vertex 0.0843765 39.9075 5
    endloop
  endfacet
  facet normal 0 -0 1
    outer loop
      vertex -39.1535 -39.4464 2.49
      vertex -39.0661 -39.3577 2.49
      vertex -39.6668 -38.8027 2.49
    endloop
  endfacet
  facet normal 0.866151 -0.499782 1.9413e-05
    outer loop
      vertex -38.9737 -2.48218 2.49
      vertex -38.925 -2.39785 0.69
      vertex -38.9616 -2.46121 2.49
    endloop
  endfacet
  facet normal 0 0 1
    outer loop
      vertex 41.9346 2.13605 5
      vertex 41.9346 -2.13605 5
      vertex 42 -2.42274 5
    endloop
  endfacet
  facet normal 0 0 1
    outer loop
      vertex 41.9282 2.10827 5
      vertex 41.9105 2.08598 5
      vertex 41.9282 -2.10827 5
    endloop
  endfacet
  facet normal 0 0 1
    outer loop
      vertex 41.9346 -2.13605 5
      vertex 41.9282 2.10827 5
      vertex 41.9282 -2.10827 5
    endloop
  endfacet
  facet normal 0 0 1
    outer loop
      vertex -39.0661 -39.3577 2.49
      vertex -39.4881 -38.6268 2.49
      vertex -39.6668 -38.8027 2.49
    endloop
  endfacet
  facet normal -0 0 1
    outer loop
      vertex -0.0717757 39.8917 5
      vertex 0.0710097 39.8884 5
      vertex 0.0717757 39.8917 5
    endloop
  endfacet
  facet normal 0.310677 0.644943 0.698232
    outer loop
      vertex -38.83 -39.6021 2.49
      vertex -38.925 -39.6021 2.53227
      vertex -38.4117 -39.8036 2.49
    endloop
  endfacet
  facet normal 0 -1 0
    outer loop
      vertex -38.925 -2.39785 0.69
      vertex -3.075 -2.39785 0.69
      vertex -37.0382 -2.39785 2.49
    endloop
  endfacet
  facet normal 0.310521 0.645212 0.698053
    outer loop
      vertex -40.4053 -41.2173 4.6837
      vertex -38.925 -39.6021 2.53227
      vertex -40.4613 -41.1613 4.65685
    endloop
  endfacet
  facet normal 0 0 1
    outer loop
      vertex -40.7184 -0.591215 5
      vertex -40.7094 0.586897 5
      vertex -40.7184 0.591215 5
    endloop
  endfacet
  facet normal 0.3105 0.645227 0.698048
    outer loop
      vertex -38.925 -39.6021 2.53227
      vertex -40.4945 -41.1281 4.64093
      vertex -40.4613 -41.1613 4.65685
    endloop
  endfacet
  facet normal 0 -1 0
    outer loop
      vertex -38.925 -2.39785 0.69
      vertex -37.0382 -2.39785 2.49
      vertex -38.83 -2.39785 2.49
    endloop
  endfacet
  facet normal 0 0 1
    outer loop
      vertex -39.0661 -39.3577 2.49
      vertex -39.1535 -39.4464 2.49
      vertex -38.9737 -39.5178 2.49
    endloop
  endfacet
  facet normal -0 0 1
    outer loop
      vertex -2.93385 -2.64233 2.49
      vertex -2.93287 -2.64403 2.49
      vertex -2.84654 -2.55361 2.49
    endloop
  endfacet
  facet normal 0 0 1
    outer loop
      vertex -38.9737 -39.5178 2.49
      vertex -39.1535 -39.4464 2.49
      vertex -38.9616 -39.5388 2.49
    endloop
  endfacet
  facet normal 0 0 1
    outer loop
      vertex -40.125 0.305441 5
      vertex -40.2524 0.36678 5
      vertex -40.125 -0.305441 5
    endloop
  endfacet
  facet normal 0 -1 0
    outer loop
      vertex -38.925 -2.39785 0.69
      vertex -38.83 -2.39785 2.49
      vertex -38.925 -2.39785 2.53227
    endloop
  endfacet
  facet normal 0 -0 1
    outer loop
      vertex -40.2524 -0.36678 5
      vertex -40.2524 0.36678 5
      vertex -40.6927 0.578849 5
    endloop
  endfacet
  facet normal 0 -0 1
    outer loop
      vertex -38.4117 -39.8036 2.49
      vertex -38.2193 -39.6021 2.49
      vertex -38.83 -39.6021 2.49
    endloop
  endfacet
  facet normal -0.866019 0.500011 3.82231e-06
    outer loop
      vertex -3.075 -39.6021 0.69
      vertex -3.02632 -39.5178 2.49
      vertex -2.15 -38 0.69
    endloop
  endfacet
  facet normal 0 0 1
    outer loop
      vertex -40.6927 0.578849 5
      vertex -40.7094 0.586897 5
      vertex -40.7184 -0.591215 5
    endloop
  endfacet
  facet normal 0 0 1
    outer loop
      vertex -40.2524 -0.36678 5
      vertex -40.6927 0.578849 5
      vertex -40.7184 -0.591215 5
    endloop
  endfacet
  facet normal -0.86646 0.499246 5.1575e-05
    outer loop
      vertex -3.02632 -39.5178 2.49
      vertex -3.075 -39.6021 0.69
      vertex -3.03842 -39.5388 2.49
    endloop
  endfacet
  facet normal 0 0 1
    outer loop
      vertex -40.2524 0.36678 5
      vertex -40.2524 -0.36678 5
      vertex -40.125 -0.305441 5
    endloop
  endfacet
  facet normal 0 -0 1
    outer loop
      vertex -40.7184 -0.591215 5
      vertex -40.7184 0.591215 5
      vertex -40.7362 0.613497 5
    endloop
  endfacet
  facet normal 0 0 1
    outer loop
      vertex -40.7362 0.613497 5
      vertex -40.8109 0.707244 5
      vertex -40.7362 -0.613497 5
    endloop
  endfacet
  facet normal 0 0 1
    outer loop
      vertex -40.7184 -0.591215 5
      vertex -40.7362 0.613497 5
      vertex -40.7362 -0.613497 5
    endloop
  endfacet
  facet normal 0.866236 -0.499635 -0.00040373
    outer loop
      vertex -38.9737 -2.48218 2.49
      vertex -39.0149 -2.55361 2.49
      vertex -39.85 -4 0.69
    endloop
  endfacet
  facet normal -0.707107 -0.707107 0
    outer loop
      vertex -40.1825 -41.4401 4.79041
      vertex -41.4976 -40.125 0
      vertex -40.125 -41.4976 0
    endloop
  endfacet
  facet normal -0.559942 -0.446305 0.698053
    outer loop
      vertex -2.84654 -2.55361 2.49
      vertex -1.26382 -0.613497 5
      vertex -1.28158 -0.591215 5
    endloop
  endfacet
  facet normal 1 0 0
    outer loop
      vertex 42 -38.25 0
      vertex 42 -4 4.64
      vertex 42 -32.1154 4.64
    endloop
  endfacet
  facet normal 1 0 0
    outer loop
      vertex 42 4 4.64
      vertex 42 2.42274 5
      vertex 42 -4 4.64
    endloop
  endfacet
  facet normal 0 0 1
    outer loop
      vertex -2.33321 -3.19731 2.49
      vertex -2.84654 -2.55361 2.49
      vertex -2.15 -4 2.49
    endloop
  endfacet
  facet normal 0.866019 -0.500012 1.17501e-07
    outer loop
      vertex -39.0149 -2.55361 2.49
      vertex -39.3837 -3.19237 2.49
      vertex -39.85 -4 0.69
    endloop
  endfacet
  facet normal 1 0 0
    outer loop
      vertex 42 -38.25 0
      vertex 42 -38 4.64
      vertex 42 -38.25 4.69706
    endloop
  endfacet
  facet normal 0.559787 0.44647 0.698071
    outer loop
      vertex -39.1535 -39.4464 2.49
      vertex -40.5898 -41.0328 4.6564
      vertex -40.4945 -41.1281 4.64093
    endloop
  endfacet
  facet normal 1 0 0
    outer loop
      vertex 42 -38.25 0
      vertex 42 -32.1154 4.64
      vertex 42 -38 4.64
    endloop
  endfacet
  facet normal 1 0 0
    outer loop
      vertex 42 -4 4.64
      vertex 42 2.42274 5
      vertex 42 -2.42274 5
    endloop
  endfacet
  facet normal 1 0 0
    outer loop
      vertex 42 32.742 4.64
      vertex 42 9.88461 4.64
      vertex 42 -38.25 0
    endloop
  endfacet
  facet normal 0.866019 -0.500012 0
    outer loop
      vertex -39.3837 -3.19237 2.49
      vertex -39.85 -4 2.49
      vertex -39.85 -4 0.69
    endloop
  endfacet
  facet normal 1 0 0
    outer loop
      vertex 42 -38.25 0
      vertex 42 9.88461 4.64
      vertex 42 4 4.64
    endloop
  endfacet
  facet normal 0.559389 -0.446868 0.698135
    outer loop
      vertex -40.7362 -0.613497 5
      vertex -39.1535 -2.55361 2.49
      vertex -40.7184 -0.591215 5
    endloop
  endfacet
  facet normal 1 0 0
    outer loop
      vertex 42 4 4.64
      vertex 42 -4 4.64
      vertex 42 -38.25 0
    endloop
  endfacet
  facet normal 0.866105 0.499863 -0.000153006
    outer loop
      vertex -39.0661 -39.3577 2.49
      vertex -38.9737 -39.5178 2.49
      vertex -39.85 -38 0.69
    endloop
  endfacet
  facet normal 0.707107 -0.707107 -1.52058e-15
    outer loop
      vertex 40.125 -41.4976 0
      vertex 41.4412 -40.1814 4.79469
      vertex 40.4945 -41.1281 4.64093
    endloop
  endfacet
  facet normal 0 -0.716027 0.698073
    outer loop
      vertex -38.913 -2.37166e-16 4.74287
      vertex -38.4117 -2.19638 2.49
      vertex -34.2636 -2.37166e-16 4.74287
    endloop
  endfacet
  facet normal 0.707107 -0.707107 1.05516e-14
    outer loop
      vertex 40.125 -41.4976 0
      vertex 40.4945 -41.1281 4.64093
      vertex 40.4613 -41.1613 4.65685
    endloop
  endfacet
  facet normal 0.866018 0.500013 -2.04718e-06
    outer loop
      vertex -39.4881 -38.6268 2.49
      vertex -39.0661 -39.3577 2.49
      vertex -39.85 -38 0.69
    endloop
  endfacet
  facet normal 0.707107 -0.707107 0
    outer loop
      vertex 40.125 -41.4976 0
      vertex 40.4613 -41.1613 4.65685
      vertex 40.4053 -41.2173 4.6837
    endloop
  endfacet
  facet normal 0.866015 0.500017 0
    outer loop
      vertex -39.85 -38 2.49
      vertex -39.4881 -38.6268 2.49
      vertex -39.85 -38 0.69
    endloop
  endfacet
  facet normal 0.707107 -0.707107 0
    outer loop
      vertex 40.125 -41.4976 0
      vertex 40.4053 -41.2173 4.6837
      vertex 40.125 -41.4976 4.81798
    endloop
  endfacet
  facet normal -0.31069 0.645063 0.698115
    outer loop
      vertex -3.58834 -39.8036 2.49
      vertex -3.075 -39.6021 2.53227
      vertex -3.16998 -39.6021 2.49
    endloop
  endfacet
  facet normal -0.258799 -0.965931 -7.85312e-06
    outer loop
      vertex -40.125 -41.4976 0
      vertex -38.3575 -41.9712 4.71332
      vertex -38.8748 -41.8326 4.57116
    endloop
  endfacet
  facet normal 0.698083 0.159297 0.698072
    outer loop
      vertex -41.6022 -39.7347 4.63811
      vertex -39.6668 -38.8027 2.49
      vertex -41.6385 -39.5992 4.64349
    endloop
  endfacet
  facet normal -0.258826 -0.965924 0
    outer loop
      vertex -40.125 -41.4976 0
      vertex -38.8748 -41.8326 4.57116
      vertex -40.125 -41.4976 4.81798
    endloop
  endfacet
  facet normal -0 0 1
    outer loop
      vertex -39.6668 -3.19731 2.49
      vertex -39.85 -4 2.49
      vertex -39.3837 -3.19237 2.49
    endloop
  endfacet
  facet normal -0.965914 -0.258862 -0
    outer loop
      vertex -42 -38.25 4.69706
      vertex -42 -38.25 0
      vertex -41.9691 -38.3653 4.69248
    endloop
  endfacet
  facet normal 0.310658 0.645038 0.698153
    outer loop
      vertex -40.1825 -41.4401 4.79041
      vertex -38.8748 -41.8326 4.57116
      vertex -40.4053 -41.2173 4.6837
    endloop
  endfacet
  facet normal 3.8458e-06 0.716022 0.698077
    outer loop
      vertex -38.3575 -41.9712 4.71332
      vertex -38.4117 -39.8036 2.49
      vertex -38.8748 -41.8326 4.57116
    endloop
  endfacet
  facet normal -0.310642 -0.645086 0.698116
    outer loop
      vertex -2.84654 -2.55361 2.49
      vertex -3.075 -2.39785 2.53227
      vertex -3.03842 -2.46121 2.49
    endloop
  endfacet
  facet normal 0.310657 -0.644999 0.698189
    outer loop
      vertex -38.4117 -2.19638 2.49
      vertex -38.925 -2.39785 2.53227
      vertex -38.83 -2.39785 2.49
    endloop
  endfacet
  facet normal 0 0 1
    outer loop
      vertex 1.26382 41.3865 5
      vertex -0.825376 40.8367 5
      vertex 0.803532 40.8093 5
    endloop
  endfacet
  facet normal 0 0 1
    outer loop
      vertex 1.28158 41.4088 5
      vertex -1.28158 41.4088 5
      vertex 1.26382 41.3865 5
    endloop
  endfacet
  facet normal 0 -0 1
    outer loop
      vertex -2.33321 -38.8027 2.49
      vertex -2.15 -38 2.49
      vertex -2.33992 -38.3289 2.49
    endloop
  endfacet
  facet normal 0.310638 0.645146 0.698062
    outer loop
      vertex -39.1535 2.55361 2.49
      vertex -38.925 2.39785 2.53227
      vertex -38.9616 2.46121 2.49
    endloop
  endfacet
  facet normal 0.559819 0.446444 0.698062
    outer loop
      vertex -41.4976 -40.125 4.80384
      vertex -40.5898 -41.0328 4.6564
      vertex -41.6022 -39.7347 4.63811
    endloop
  endfacet
  facet normal -0 0 1
    outer loop
      vertex -1.466 41.4976 5
      vertex 1.28158 41.4088 5
      vertex 1.466 41.4976 5
    endloop
  endfacet
  facet normal 0 0 1
    outer loop
      vertex -1.28158 41.4088 5
      vertex -1.26382 41.3865 5
      vertex 1.26382 41.3865 5
    endloop
  endfacet
  facet normal 0 0 1
    outer loop
      vertex -1.466 41.4976 5
      vertex -1.28158 41.4088 5
      vertex 1.28158 41.4088 5
    endloop
  endfacet
  facet normal 0.698073 -0.159323 0.698077
    outer loop
      vertex -39.85 -4 2.49
      vertex -39.6668 -3.19731 2.49
      vertex -41.9346 -2.13605 5
    endloop
  endfacet
  facet normal -0.310658 0.645141 0.698058
    outer loop
      vertex -2.50925 -42 5
      vertex -1.30726 -41.4212 5
      vertex -3.08703 -42 4.74287
    endloop
  endfacet
  facet normal 0.96593 0.258802 -4.57746e-06
    outer loop
      vertex 41.6385 39.5992 4.64349
      vertex 41.9691 38.3653 4.69248
      vertex 41.4976 40.125 0
    endloop
  endfacet
  facet normal 0.698221 0.158904 0.698023
    outer loop
      vertex 0.0710097 -39.8884 5
      vertex 2.33321 -38.8027 2.49
      vertex 0.0654339 -39.8639 5
    endloop
  endfacet
  facet normal 0.965939 0.258771 -8.34296e-06
    outer loop
      vertex 41.6022 39.7347 4.63811
      vertex 41.6385 39.5992 4.64349
      vertex 41.4976 40.125 0
    endloop
  endfacet
  facet normal 0.965914 0.258864 0
    outer loop
      vertex 41.4976 40.125 4.80384
      vertex 41.6022 39.7347 4.63811
      vertex 41.4976 40.125 0
    endloop
  endfacet
  facet normal 0 0.716024 0.698076
    outer loop
      vertex -3.58834 -39.8036 2.49
      vertex -7.73638 -42 4.74287
      vertex -3.08703 -42 4.74287
    endloop
  endfacet
  facet normal -0.707107 0 0.707107
    outer loop
      vertex 0 -32.1154 4.64
      vertex -2.15 -38 2.49
      vertex 0 -38 4.64
    endloop
  endfacet
  facet normal 0.698075 -0.159326 0.698073
    outer loop
      vertex 0.0654339 -2.13605 5
      vertex 2.33321 -3.19731 2.49
      vertex 0.0710097 -2.11162 5
    endloop
  endfacet
  facet normal -0.866035 -0.499983 0
    outer loop
      vertex -2.19868 -3.91568 2.49
      vertex -2.15 -4 0.69
      vertex -2.15 -4 2.49
    endloop
  endfacet
  facet normal 0.707107 -0 0.707107
    outer loop
      vertex 0 -32.1154 4.64
      vertex 2.15 -4 2.49
      vertex 0 -4 4.64
    endloop
  endfacet
  facet normal 0 0 1
    outer loop
      vertex 1.28158 -41.4088 5
      vertex 1.26382 -41.3865 5
      vertex -1.28158 -41.4088 5
    endloop
  endfacet
  facet normal 0.865707 0.500551 0
    outer loop
      vertex -38.925 -39.6021 2.53227
      vertex -38.925 -39.6021 0.69
      vertex -38.9616 -39.5388 2.49
    endloop
  endfacet
  facet normal 0.707107 0 0.707107
    outer loop
      vertex 2.15 -4 2.49
      vertex 0 -32.1154 4.64
      vertex 2.15 -38 2.49
    endloop
  endfacet
  facet normal -0.31067 -0.645119 0.698073
    outer loop
      vertex -2.99068 -3.89663e-18 4.78575
      vertex -2.84654 -2.55361 2.49
      vertex -1.74763 -0.36678 5
    endloop
  endfacet
  facet normal 0 0 1
    outer loop
      vertex 0.0717757 -39.8917 5
      vertex 0.0710097 -39.8884 5
      vertex -0.0717757 -39.8917 5
    endloop
  endfacet
  facet normal 0 0 1
    outer loop
      vertex -0.0875673 -39.9115 5
      vertex 0.0717757 -39.8917 5
      vertex -0.0717757 -39.8917 5
    endloop
  endfacet
  facet normal 0.698053 0.159373 0.698085
    outer loop
      vertex 2.15 -38 2.49
      vertex 0 -39.5773 5
      vertex 0.0654339 -39.8639 5
    endloop
  endfacet
  facet normal 0 0 1
    outer loop
      vertex 1.26382 -41.3865 5
      vertex 0.0717757 -39.8917 5
      vertex -0.0895451 -39.914 5
    endloop
  endfacet
  facet normal 0.698074 -0.159331 0.698074
    outer loop
      vertex 0 -4 4.64
      vertex 2.15 -4 2.49
      vertex 0 -2.42274 5
    endloop
  endfacet
  facet normal 0 0 1
    outer loop
      vertex 1.28158 -41.4088 5
      vertex -1.28158 -41.4088 5
      vertex -1.29055 -41.4131 5
    endloop
  endfacet
  facet normal 0.310837 0.645558 0.697592
    outer loop
      vertex -39.1535 -39.4464 2.49
      vertex -38.925 -39.6021 2.53227
      vertex -38.9616 -39.5388 2.49
    endloop
  endfacet
  facet normal -0 0.798331 0.602219
    outer loop
      vertex 8.5699 -39.0816 0
      vertex 3.075 -39.6021 0.69
      vertex 9.08204 -39.0816 0
    endloop
  endfacet
  facet normal 0 -0.798303 0.602256
    outer loop
      vertex 38.925 -2.39785 0.69
      vertex 3.075 -2.39785 0.69
      vertex 9.08204 -2.9184 0
    endloop
  endfacet
  facet normal 0.710346 -0.409946 0.572147
    outer loop
      vertex 3.02617 -3.4448 0
      vertex 2.15 -4 0.69
      vertex 3.01296 -3.46769 0
    endloop
  endfacet
  facet normal 0.624492 0 0.781031
    outer loop
      vertex 2.15 -4 0.69
      vertex 2.15 -38 0.69
      vertex 3.01296 -33.8573 0
    endloop
  endfacet
  facet normal -0 -0 1
    outer loop
      vertex -1.26382 -0.613497 5
      vertex 0.408867 -1.68557 5
      vertex -1.58919 0.44308 5
    endloop
  endfacet
  facet normal -1 0 0
    outer loop
      vertex 39.85 -38 2.49
      vertex 39.85 -5.78947 2.49
      vertex 39.85 -38 0.69
    endloop
  endfacet
  facet normal -1 0 0
    outer loop
      vertex 39.85 -4 0.69
      vertex 39.85 -38 0.69
      vertex 39.85 -5.78947 2.49
    endloop
  endfacet
  facet normal -0 1 0
    outer loop
      vertex 4.96184 -39.6021 2.49
      vertex 38.4157 -39.6021 2.49
      vertex 38.925 -39.6021 0.69
    endloop
  endfacet
  facet normal 0 0 1
    outer loop
      vertex -0.0895451 -39.914 5
      vertex 0.0717757 -39.8917 5
      vertex -0.0875673 -39.9115 5
    endloop
  endfacet
  facet normal 0 0 1
    outer loop
      vertex 1.26382 -41.3865 5
      vertex -0.0895451 -39.914 5
      vertex -1.28158 -41.4088 5
    endloop
  endfacet
  facet normal 0 1 -0
    outer loop
      vertex 38.925 -39.6021 0.69
      vertex 38.83 -39.6021 2.49
      vertex 38.925 -39.6021 2.53227
    endloop
  endfacet
  facet normal 0 1 0
    outer loop
      vertex 38.925 -39.6021 0.69
      vertex 38.4157 -39.6021 2.49
      vertex 38.83 -39.6021 2.49
    endloop
  endfacet
  facet normal -0 -0 1
    outer loop
      vertex -1.28158 -0.591215 5
      vertex -1.26382 -0.613497 5
      vertex -1.58919 0.44308 5
    endloop
  endfacet
  facet normal -0 0 1
    outer loop
      vertex -2.50925 2.36105e-16 5
      vertex -1.74763 -0.36678 5
      vertex -1.74763 0.36678 5
    endloop
  endfacet
  facet normal -0.866036 0.499982 -9.05239e-06
    outer loop
      vertex 39.1535 -39.2064 2.49
      vertex 39.6601 -38.3289 2.49
      vertex 39.85 -38 0.69
    endloop
  endfacet
  facet normal 0 0 1
    outer loop
      vertex -1.58919 0.44308 5
      vertex -1.74763 -0.36678 5
      vertex -1.28158 -0.591215 5
    endloop
  endfacet
  facet normal 0 0 1
    outer loop
      vertex 1.29055 -41.4131 5
      vertex 1.28158 -41.4088 5
      vertex -1.29055 -41.4131 5
    endloop
  endfacet
  facet normal 0 0 1
    outer loop
      vertex -2.50925 -42 5
      vertex 1.30726 -41.4212 5
      vertex -1.30726 -41.4212 5
    endloop
  endfacet
  facet normal -0.86601 0.500027 3.18581e-05
    outer loop
      vertex 38.9737 -39.5178 2.49
      vertex 39.1535 -39.2064 2.49
      vertex 39.85 -38 0.69
    endloop
  endfacet
  facet normal 0 0 1
    outer loop
      vertex 0.0710097 -39.8884 5
      vertex 0.0654339 -39.8639 5
      vertex -0.0710097 -39.8884 5
    endloop
  endfacet
  facet normal 0 -0 1
    outer loop
      vertex 0 -2.42274 5
      vertex 0.0654339 -2.13605 5
      vertex -0.0654339 -2.13605 5
    endloop
  endfacet
  facet normal -0.866015 0.500019 0
    outer loop
      vertex 39.85 -38 0.69
      vertex 39.6601 -38.3289 2.49
      vertex 39.85 -38 2.49
    endloop
  endfacet
  facet normal -0 0 1
    outer loop
      vertex -0.0710097 -2.11162 5
      vertex 0.0654339 -2.13605 5
      vertex 0.0710097 -2.11162 5
    endloop
  endfacet
  facet normal 0 -1 0
    outer loop
      vertex 38.925 -2.39785 0.69
      vertex 38.83 -2.39785 2.49
      vertex 23.6463 -2.39785 2.49
    endloop
  endfacet
  facet normal 0 -0 1
    outer loop
      vertex -0.0654339 -2.13605 5
      vertex 0.0654339 -2.13605 5
      vertex -0.0710097 -2.11162 5
    endloop
  endfacet
  facet normal 0 -1 0
    outer loop
      vertex 38.925 -2.39785 0.69
      vertex 38.925 -2.39785 2.53227
      vertex 38.83 -2.39785 2.49
    endloop
  endfacet
  facet normal -0 0 1
    outer loop
      vertex -0.0710097 -39.8884 5
      vertex -0.0717757 -39.8917 5
      vertex 0.0710097 -39.8884 5
    endloop
  endfacet
  facet normal 0 -1 0
    outer loop
      vertex 38.925 -2.39785 0.69
      vertex 23.6463 -2.39785 2.49
      vertex 4.96184 -2.39785 2.49
    endloop
  endfacet
  facet normal -0 0 1
    outer loop
      vertex -1.74763 0.36678 5
      vertex -1.74763 -0.36678 5
      vertex -1.58919 0.44308 5
    endloop
  endfacet
  facet normal -0.86221 -0.506548 -0.00190345
    outer loop
      vertex 39.1535 -2.79355 2.49
      vertex 39.1488 -2.78555 2.49
      vertex 38.925 -2.39785 0.69
    endloop
  endfacet
  facet normal 0 0 1
    outer loop
      vertex 0.0654339 -39.8639 5
      vertex 0 -39.5773 5
      vertex -0.0654339 -39.8639 5
    endloop
  endfacet
  facet normal 0 0 1
    outer loop
      vertex -0.0710097 -39.8884 5
      vertex 0.0654339 -39.8639 5
      vertex -0.0654339 -39.8639 5
    endloop
  endfacet
  facet normal 0 0 1
    outer loop
      vertex -1.30726 -41.4212 5
      vertex 1.29055 -41.4131 5
      vertex -1.29055 -41.4131 5
    endloop
  endfacet
  facet normal 0 0 1
    outer loop
      vertex 2.50925 -42 5
      vertex 1.30726 -41.4212 5
      vertex -2.50925 -42 5
    endloop
  endfacet
  facet normal 0 0 1
    outer loop
      vertex -1.30726 -41.4212 5
      vertex 1.30726 -41.4212 5
      vertex 1.29055 -41.4131 5
    endloop
  endfacet
  facet normal -0.865912 -0.500196 0
    outer loop
      vertex 38.925 -2.39785 0.69
      vertex 38.9616 -2.46121 2.49
      vertex 38.925 -2.39785 2.53227
    endloop
  endfacet
  facet normal -0.866186 -0.499722 2.22099e-05
    outer loop
      vertex 38.925 -2.39785 0.69
      vertex 39.0141 -2.55221 2.49
      vertex 38.9616 -2.46121 2.49
    endloop
  endfacet
  facet normal -0 0 1
    outer loop
      vertex -0.0717757 -2.10827 5
      vertex 0.0710097 -2.11162 5
      vertex 0.0717757 -2.10827 5
    endloop
  endfacet
  facet normal 0 0 1
    outer loop
      vertex -0.0717757 -2.10827 5
      vertex -0.0710097 -2.11162 5
      vertex 0.0710097 -2.11162 5
    endloop
  endfacet
  facet normal 0 0 1
    outer loop
      vertex -1.26382 -0.613497 5
      vertex -0.0717757 -2.10827 5
      vertex 0.408867 -1.68557 5
    endloop
  endfacet
  facet normal -0.865907 -0.500206 -1.87742e-05
    outer loop
      vertex 39.0643 -2.63906 2.49
      vertex 39.018 -2.55891 2.49
      vertex 38.925 -2.39785 0.69
    endloop
  endfacet
  facet normal 0 0 1
    outer loop
      vertex -0.0717757 -2.10827 5
      vertex 0.0717757 -2.10827 5
      vertex 0.408867 -1.68557 5
    endloop
  endfacet
  facet normal -0.883631 -0.468149 0.00564867
    outer loop
      vertex 39.0651 -2.64057 2.49
      vertex 39.0643 -2.63906 2.49
      vertex 38.925 -2.39785 0.69
    endloop
  endfacet
  facet normal -0.258847 0.965918 -2.76544e-06
    outer loop
      vertex -38.25 42 0
      vertex -40.0513 41.5173 4.80343
      vertex -39.021 41.7934 4.60002
    endloop
  endfacet
  facet normal -0.865589 -0.500754 -0.000243223
    outer loop
      vertex 39.1583 -2.802 2.49
      vertex 39.1569 -2.79958 2.49
      vertex 38.925 -2.39785 0.69
    endloop
  endfacet
  facet normal -0.258654 0.96597 2.11048e-05
    outer loop
      vertex -38.25 42 0
      vertex -38.9775 41.8051 4.59144
      vertex -38.8748 41.8326 4.57116
    endloop
  endfacet
  facet normal -0.862698 -0.505719 -0.000677928
    outer loop
      vertex 39.018 -2.55891 2.49
      vertex 39.0163 -2.55601 2.49
      vertex 38.925 -2.39785 0.69
    endloop
  endfacet
  facet normal -0.258798 0.965931 0
    outer loop
      vertex -38.25 42 0
      vertex -38.8748 41.8326 4.57116
      vertex -38.25 42 4.74287
    endloop
  endfacet
  facet normal -0.863779 -0.503871 -0.000460682
    outer loop
      vertex 39.0163 -2.55601 2.49
      vertex 39.0149 -2.55361 2.49
      vertex 38.925 -2.39785 0.69
    endloop
  endfacet
  facet normal -0.259765 0.965672 -0.000167695
    outer loop
      vertex -38.25 42 0
      vertex -39.021 41.7934 4.60002
      vertex -38.9775 41.8051 4.59144
    endloop
  endfacet
  facet normal -0.866043 -0.49997 -9.90692e-06
    outer loop
      vertex 39.1488 -2.78555 2.49
      vertex 39.0671 -2.64403 2.49
      vertex 38.925 -2.39785 0.69
    endloop
  endfacet
  facet normal 0.707107 0.707107 -5.08032e-15
    outer loop
      vertex 41.4976 40.125 0
      vertex 40.1825 41.4401 4.79041
      vertex 40.4945 41.1281 4.64093
    endloop
  endfacet
  facet normal -0.869456 -0.494009 0.00105828
    outer loop
      vertex 39.0661 -2.64233 2.49
      vertex 39.0651 -2.64057 2.49
      vertex 38.925 -2.39785 0.69
    endloop
  endfacet
  facet normal 0.707107 0.707107 -0
    outer loop
      vertex 41.4976 40.125 0
      vertex 40.5898 41.0328 4.6564
      vertex 41.4976 40.125 4.80384
    endloop
  endfacet
  facet normal -0.861933 -0.50702 -0.00129853
    outer loop
      vertex 39.0671 -2.64403 2.49
      vertex 39.0661 -2.64233 2.49
      vertex 38.925 -2.39785 0.69
    endloop
  endfacet
  facet normal 0.707107 0.707107 9.94601e-15
    outer loop
      vertex 41.4976 40.125 0
      vertex 40.4945 41.1281 4.64093
      vertex 40.5898 41.0328 4.6564
    endloop
  endfacet
  facet normal -0.871071 -0.491151 0.00260623
    outer loop
      vertex 39.1569 -2.79958 2.49
      vertex 39.1535 -2.79355 2.49
      vertex 38.925 -2.39785 0.69
    endloop
  endfacet
  facet normal -0.868243 -0.496139 0.000431365
    outer loop
      vertex 38.925 -2.39785 0.69
      vertex 39.0149 -2.55361 2.49
      vertex 39.0141 -2.55221 2.49
    endloop
  endfacet
  facet normal -0.86602 -0.50001 -2.02639e-05
    outer loop
      vertex 38.925 -2.39785 0.69
      vertex 39.8013 -3.91568 2.49
      vertex 39.1583 -2.802 2.49
    endloop
  endfacet
  facet normal 0 1 0
    outer loop
      vertex 3.075 -39.6021 0.69
      vertex 3.16998 -39.6021 2.49
      vertex 3.78069 -39.6021 2.49
    endloop
  endfacet
  facet normal 0 1 0
    outer loop
      vertex 4.96184 -39.6021 2.49
      vertex 3.075 -39.6021 0.69
      vertex 3.78069 -39.6021 2.49
    endloop
  endfacet
  facet normal -0 -1 0
    outer loop
      vertex 34.3159 -42 4.74287
      vertex 34.2636 -42 4.74287
      vertex -38.25 -42 0
    endloop
  endfacet
  facet normal -0 -1 0
    outer loop
      vertex -7.73638 -42 4.74287
      vertex -38.25 -42 4.74287
      vertex -38.25 -42 0
    endloop
  endfacet
  facet normal -0 -1 0
    outer loop
      vertex 3.08703 -42 4.74287
      vertex -3.08703 -42 4.74287
      vertex -38.25 -42 0
    endloop
  endfacet
  facet normal 0 -1 0
    outer loop
      vertex -3.08703 -42 4.74287
      vertex 2.50925 -42 5
      vertex -2.50925 -42 5
    endloop
  endfacet
  facet normal -0 -1 0
    outer loop
      vertex 34.2636 -42 4.74287
      vertex 3.08703 -42 4.74287
      vertex -38.25 -42 0
    endloop
  endfacet
  facet normal -0 -1 0
    outer loop
      vertex -3.08703 -42 4.74287
      vertex -7.73638 -42 4.74287
      vertex -38.25 -42 0
    endloop
  endfacet
  facet normal 0 -1 -0
    outer loop
      vertex 2.50925 -42 5
      vertex -3.08703 -42 4.74287
      vertex 3.08703 -42 4.74287
    endloop
  endfacet
  facet normal 0.866172 0.499746 -0.00027907
    outer loop
      vertex -39.0661 2.64233 2.49
      vertex -38.9737 2.48218 2.49
      vertex -39.85 4 0.69
    endloop
  endfacet
  facet normal 0.559832 -0.446422 0.698066
    outer loop
      vertex -39.6668 38.8027 2.49
      vertex -39.1535 39.4464 2.49
      vertex -40.5898 41.0328 4.6564
    endloop
  endfacet
  facet normal 0.866011 -0.500026 0
    outer loop
      vertex -39.3837 38.8076 2.49
      vertex -39.85 38 2.49
      vertex -39.85 38 0.69
    endloop
  endfacet
  facet normal 0.559389 0.446868 0.698135
    outer loop
      vertex -40.7184 0.591215 5
      vertex -39.1535 2.55361 2.49
      vertex -40.7362 0.613497 5
    endloop
  endfacet
  facet normal 0.866032 -0.499988 -2.22639e-05
    outer loop
      vertex -39.0149 39.4464 2.49
      vertex -39.3837 38.8076 2.49
      vertex -39.85 38 0.69
    endloop
  endfacet
  facet normal 0 0 1
    outer loop
      vertex -2.33321 38.8027 2.49
      vertex -2.84654 39.4464 2.49
      vertex -2.15 38 2.49
    endloop
  endfacet
  facet normal -0.560141 -0.446104 0.698021
    outer loop
      vertex -2.84654 39.4464 2.49
      vertex -1.26382 41.3865 5
      vertex -1.28158 41.4088 5
    endloop
  endfacet
  facet normal 0.866145 -0.499792 -0.000232239
    outer loop
      vertex -38.9737 39.5178 2.49
      vertex -39.0149 39.4464 2.49
      vertex -39.85 38 0.69
    endloop
  endfacet
  facet normal -0.866151 0.499782 9.78912e-06
    outer loop
      vertex -3.02632 2.48218 2.49
      vertex -3.075 2.39785 0.69
      vertex -3.03842 2.46121 2.49
    endloop
  endfacet
  facet normal -0.866026 0.499999 -3.78017e-06
    outer loop
      vertex -3.075 2.39785 0.69
      vertex -3.02632 2.48218 2.49
      vertex -2.15 4 0.69
    endloop
  endfacet
  facet normal 0 -0 1
    outer loop
      vertex -38.4117 2.19638 2.49
      vertex -38.2193 2.39785 2.49
      vertex -38.83 2.39785 2.49
    endloop
  endfacet
  facet normal 0 -1 0
    outer loop
      vertex -38.925 39.6021 0.69
      vertex -38.83 39.6021 2.49
      vertex -38.925 39.6021 2.53227
    endloop
  endfacet
  facet normal 0 0 1
    outer loop
      vertex -38.9737 2.48218 2.49
      vertex -39.1535 2.55361 2.49
      vertex -38.9616 2.46121 2.49
    endloop
  endfacet
  facet normal -0 0 1
    outer loop
      vertex -2.93385 39.3577 2.49
      vertex -2.93287 39.356 2.49
      vertex -2.84654 39.4464 2.49
    endloop
  endfacet
  facet normal 0 0 1
    outer loop
      vertex -39.0661 2.64233 2.49
      vertex -39.1535 2.55361 2.49
      vertex -38.9737 2.48218 2.49
    endloop
  endfacet
  facet normal 0 -1 0
    outer loop
      vertex -38.925 39.6021 0.69
      vertex -37.0382 39.6021 2.49
      vertex -38.83 39.6021 2.49
    endloop
  endfacet
  facet normal 0.309782 0.645679 0.69795
    outer loop
      vertex -40.7094 0.586897 5
      vertex -39.1535 2.55361 2.49
      vertex -40.7184 0.591215 5
    endloop
  endfacet
  facet normal 0.31069 0.645108 0.698074
    outer loop
      vertex -38.4117 2.19638 2.49
      vertex -38.925 2.39785 2.53227
      vertex -40.6927 0.578849 5
    endloop
  endfacet
  facet normal 0 -1 0
    outer loop
      vertex -38.925 39.6021 0.69
      vertex -3.075 39.6021 0.69
      vertex -37.0382 39.6021 2.49
    endloop
  endfacet
  facet normal 0.310657 0.644999 0.698189
    outer loop
      vertex -38.83 2.39785 2.49
      vertex -38.925 2.39785 2.53227
      vertex -38.4117 2.19638 2.49
    endloop
  endfacet
  facet normal 0 0 1
    outer loop
      vertex -39.0661 2.64233 2.49
      vertex -39.4881 3.37321 2.49
      vertex -39.6668 3.19731 2.49
    endloop
  endfacet
  facet normal 0.86646 -0.499246 6.12023e-05
    outer loop
      vertex -38.9737 39.5178 2.49
      vertex -38.925 39.6021 0.69
      vertex -38.9616 39.5388 2.49
    endloop
  endfacet
  facet normal 0 -0 1
    outer loop
      vertex -39.1535 2.55361 2.49
      vertex -39.0661 2.64233 2.49
      vertex -39.6668 3.19731 2.49
    endloop
  endfacet
  facet normal -0 0 1
    outer loop
      vertex -2.93487 39.3594 2.49
      vertex -2.93385 39.3577 2.49
      vertex -2.84654 39.4464 2.49
    endloop
  endfacet
  facet normal 0.310722 -0.645093 0.698074
    outer loop
      vertex -38.925 39.6021 2.53227
      vertex -38.4117 39.8036 2.49
      vertex -38.9775 41.8051 4.59144
    endloop
  endfacet
  facet normal 0.310468 -0.645161 0.698124
    outer loop
      vertex -39.1535 39.4464 2.49
      vertex -38.925 39.6021 2.53227
      vertex -39.021 41.7934 4.60002
    endloop
  endfacet
  facet normal 0.865707 -0.500551 0
    outer loop
      vertex -38.9616 39.5388 2.49
      vertex -38.925 39.6021 0.69
      vertex -38.925 39.6021 2.53227
    endloop
  endfacet
  facet normal 0.310837 -0.645558 0.697592
    outer loop
      vertex -38.9616 39.5388 2.49
      vertex -38.925 39.6021 2.53227
      vertex -39.1535 39.4464 2.49
    endloop
  endfacet
  facet normal 0 -0 1
    outer loop
      vertex -37.0382 39.6021 2.49
      vertex -18.3537 39.6021 2.49
      vertex -38.4117 39.8036 2.49
    endloop
  endfacet
  facet normal 1 0 -0
    outer loop
      vertex -39.85 38 0.69
      vertex -39.85 38 2.49
      vertex -39.85 5.78947 2.49
    endloop
  endfacet
  facet normal 0 0 1
    outer loop
      vertex -39.1535 39.4464 2.49
      vertex -38.9737 39.5178 2.49
      vertex -38.9616 39.5388 2.49
    endloop
  endfacet
  facet normal 0 0 1
    outer loop
      vertex -2.98588 39.4478 2.49
      vertex -2.98507 39.4464 2.49
      vertex -2.84654 39.4464 2.49
    endloop
  endfacet
  facet normal 0 -0 1
    outer loop
      vertex -39.0149 39.4464 2.49
      vertex -38.9737 39.5178 2.49
      vertex -39.1535 39.4464 2.49
    endloop
  endfacet
  facet normal 0 0 1
    outer loop
      vertex -37.0382 39.6021 2.49
      vertex -38.4117 39.8036 2.49
      vertex -38.83 39.6021 2.49
    endloop
  endfacet
  facet normal 0.197862 -0.608829 0.76823
    outer loop
      vertex -38.3722 38.9111 0
      vertex -38.925 39.6021 0.69
      vertex -38.7716 38.7813 0
    endloop
  endfacet
  facet normal 0 0 0
    outer loop
      vertex -39.85 4 2.49
      vertex -39.85 5.78947 2.49
      vertex -39.85 38 2.49
    endloop
  endfacet
  facet normal -0 0 1
    outer loop
      vertex -2.98202 39.4411 2.49
      vertex -2.93574 39.3609 2.49
      vertex -2.84654 39.4464 2.49
    endloop
  endfacet
  facet normal -0.707107 0 0.707107
    outer loop
      vertex -2.84 33.325 0
      vertex -2.15 38 0.69
      vertex -2.84 33.8107 0
    endloop
  endfacet
  facet normal 0 0 1
    outer loop
      vertex -37.0382 2.39785 2.49
      vertex -38.4117 2.19638 2.49
      vertex -3.58834 2.19638 2.49
    endloop
  endfacet
  facet normal 0 0 1
    outer loop
      vertex -37.0382 2.39785 2.49
      vertex -38.2193 2.39785 2.49
      vertex -38.4117 2.19638 2.49
    endloop
  endfacet
  facet normal -0 0 1
    outer loop
      vertex -2.93287 39.356 2.49
      vertex -2.85116 39.2145 2.49
      vertex -2.84654 39.4464 2.49
    endloop
  endfacet
  facet normal 0 0 1
    outer loop
      vertex -3.58432 2.39785 2.49
      vertex -37.0382 2.39785 2.49
      vertex -3.58834 2.19638 2.49
    endloop
  endfacet
  facet normal -0.654658 -0.377929 0.65467
    outer loop
      vertex -2.95397 38.1974 0
      vertex -2.15 38 0.69
      vertex -2.96719 38.2203 0
    endloop
  endfacet
  facet normal -0.866031 0.499991 0
    outer loop
      vertex -3.03842 2.46121 2.49
      vertex -3.075 2.39785 0.69
      vertex -3.075 2.39785 2.53227
    endloop
  endfacet
  facet normal 0 0 1
    outer loop
      vertex -2.84654 39.4464 2.49
      vertex -2.85116 39.2145 2.49
      vertex -2.84654 39.2064 2.49
    endloop
  endfacet
  facet normal 0.866151 0.499782 1.9413e-05
    outer loop
      vertex -38.9616 2.46121 2.49
      vertex -38.925 2.39785 0.69
      vertex -38.9737 2.48218 2.49
    endloop
  endfacet
  facet normal 0 0 1
    outer loop
      vertex -3.02632 2.48218 2.49
      vertex -2.84654 2.55361 2.49
      vertex -2.84654 2.79355 2.49
    endloop
  endfacet
  facet normal 0 0 1
    outer loop
      vertex -3.16998 2.39785 2.49
      vertex -3.58432 2.39785 2.49
      vertex -3.58834 2.19638 2.49
    endloop
  endfacet
  facet normal 0 0 1
    outer loop
      vertex -3.03842 2.46121 2.49
      vertex -2.84654 2.55361 2.49
      vertex -3.02632 2.48218 2.49
    endloop
  endfacet
  facet normal -0.310866 -0.645064 0.698036
    outer loop
      vertex -3.01785 42 4.77365
      vertex -3.075 39.6021 2.53227
      vertex -2.99068 42 4.78575
    endloop
  endfacet
  facet normal -0.310702 -0.645104 0.698072
    outer loop
      vertex -3.58834 39.8036 2.49
      vertex -3.075 39.6021 2.53227
      vertex -3.08703 42 4.74287
    endloop
  endfacet
  facet normal -0.31069 -0.645063 0.698115
    outer loop
      vertex -3.16998 39.6021 2.49
      vertex -3.075 39.6021 2.53227
      vertex -3.58834 39.8036 2.49
    endloop
  endfacet
  facet normal 0 0 1
    outer loop
      vertex -2.33992 3.67106 2.49
      vertex -2.84654 2.79355 2.49
      vertex -2.33321 3.19731 2.49
    endloop
  endfacet
  facet normal 0 0 1
    outer loop
      vertex -2.33321 3.19731 2.49
      vertex -2.84654 2.79355 2.49
      vertex -2.84654 2.55361 2.49
    endloop
  endfacet
  facet normal -0 0 1
    outer loop
      vertex -2.84654 39.2064 2.49
      vertex -2.84306 39.2004 2.49
      vertex -2.84654 39.4464 2.49
    endloop
  endfacet
  facet normal -0.310698 0.645099 0.698079
    outer loop
      vertex -1.29055 0.586897 5
      vertex -3.075 2.39785 2.53227
      vertex -1.30726 0.578849 5
    endloop
  endfacet
  facet normal -0.310577 0.645177 0.698061
    outer loop
      vertex -2.84654 2.55361 2.49
      vertex -1.29055 0.586897 5
      vertex -1.28158 0.591215 5
    endloop
  endfacet
  facet normal -0.310642 0.645086 0.698116
    outer loop
      vertex -3.03842 2.46121 2.49
      vertex -3.075 2.39785 2.53227
      vertex -2.84654 2.55361 2.49
    endloop
  endfacet
  facet normal 0 0 1
    outer loop
      vertex -2.84654 39.4464 2.49
      vertex -2.98369 39.444 2.49
      vertex -2.98202 39.4411 2.49
    endloop
  endfacet
  facet normal 0.710322 0.409622 0.572409
    outer loop
      vertex -39.85 4 0.69
      vertex -38.9738 3.4448 0
      vertex -38.987 3.46769 0
    endloop
  endfacet
  facet normal -0 0 0
    outer loop
      vertex -2.15 36.2105 2.49
      vertex -2.15 4 2.49
      vertex -2.15 38 2.49
    endloop
  endfacet
  facet normal 0 0 1
    outer loop
      vertex -2.84654 39.4464 2.49
      vertex -2.19868 38.0843 2.49
      vertex -2.15 38 2.49
    endloop
  endfacet
  facet normal 0 1 0
    outer loop
      vertex -3.075 2.39785 0.69
      vertex -38.925 2.39785 0.69
      vertex -37.0382 2.39785 2.49
    endloop
  endfacet
  facet normal -0 -0 1
    outer loop
      vertex -2.84166 39.198 2.49
      vertex -2.19868 38.0843 2.49
      vertex -2.84654 39.4464 2.49
    endloop
  endfacet
  facet normal 0 0 1
    outer loop
      vertex -2.84654 39.4464 2.49
      vertex -3.03842 39.5388 2.49
      vertex -2.98588 39.4478 2.49
    endloop
  endfacet
  facet normal 0 0 1
    outer loop
      vertex -3.58834 39.8036 2.49
      vertex -38.4117 39.8036 2.49
      vertex -18.3537 39.6021 2.49
    endloop
  endfacet
  facet normal 0 0 1
    outer loop
      vertex -3.16998 39.6021 2.49
      vertex -3.58834 39.8036 2.49
      vertex -18.3537 39.6021 2.49
    endloop
  endfacet
  facet normal 0 0 1
    outer loop
      vertex -2.84654 39.4464 2.49
      vertex -2.93574 39.3609 2.49
      vertex -2.93487 39.3594 2.49
    endloop
  endfacet
  facet normal -0.65464 0.378084 0.654599
    outer loop
      vertex -2.96719 3.7797 0
      vertex -2.15 4 0.69
      vertex -2.95397 3.80259 0
    endloop
  endfacet
  facet normal 0 0 1
    outer loop
      vertex -39.85 4 2.49
      vertex -39.6668 3.19731 2.49
      vertex -39.4881 3.37321 2.49
    endloop
  endfacet
  facet normal 0 0 1
    outer loop
      vertex -39.3837 38.8076 2.49
      vertex -39.0149 39.4464 2.49
      vertex -39.1535 39.4464 2.49
    endloop
  endfacet
  facet normal 0 0 1
    outer loop
      vertex -39.6668 38.8027 2.49
      vertex -39.3837 38.8076 2.49
      vertex -39.1535 39.4464 2.49
    endloop
  endfacet
  facet normal -0 0 1
    outer loop
      vertex -2.98507 39.4464 2.49
      vertex -2.98369 39.444 2.49
      vertex -2.84654 39.4464 2.49
    endloop
  endfacet
  facet normal -0.866019 -0.500011 -3.82231e-06
    outer loop
      vertex -3.075 39.6021 0.69
      vertex -2.15 38 0.69
      vertex -2.19868 38.0843 2.49
    endloop
  endfacet
  facet normal 0 0 1
    outer loop
      vertex -2.84654 39.4464 2.49
      vertex -2.84306 39.2004 2.49
      vertex -2.84166 39.198 2.49
    endloop
  endfacet
  facet normal -1 0 0
    outer loop
      vertex -2.15 38 0.69
      vertex -2.15 36.2105 2.49
      vertex -2.15 38 2.49
    endloop
  endfacet
  facet normal 0.866019 -0.500011 1.34447e-05
    outer loop
      vertex -39.85 38 0.69
      vertex -38.925 39.6021 0.69
      vertex -38.9737 39.5178 2.49
    endloop
  endfacet
  facet normal 1 0 0
    outer loop
      vertex -39.85 4 0.69
      vertex -39.85 38 0.69
      vertex -39.85 5.78947 2.49
    endloop
  endfacet
  facet normal 1 0 0
    outer loop
      vertex -39.85 4 0.69
      vertex -39.85 5.78947 2.49
      vertex -39.85 4 2.49
    endloop
  endfacet
  facet normal 0 1 0
    outer loop
      vertex -38.83 2.39785 2.49
      vertex -38.925 2.39785 0.69
      vertex -38.925 2.39785 2.53227
    endloop
  endfacet
  facet normal 0 1 0
    outer loop
      vertex -37.0382 2.39785 2.49
      vertex -38.925 2.39785 0.69
      vertex -38.2193 2.39785 2.49
    endloop
  endfacet
  facet normal 0 1 0
    outer loop
      vertex -38.925 2.39785 0.69
      vertex -38.83 2.39785 2.49
      vertex -38.2193 2.39785 2.49
    endloop
  endfacet
  facet normal -0.86603 -0.499991 1.83776e-05
    outer loop
      vertex -3.075 39.6021 0.69
      vertex -2.19868 38.0843 2.49
      vertex -2.84166 39.198 2.49
    endloop
  endfacet
  facet normal -0.865567 -0.500793 -7.3848e-05
    outer loop
      vertex -3.075 39.6021 0.69
      vertex -2.98507 39.4464 2.49
      vertex -2.98588 39.4478 2.49
    endloop
  endfacet
  facet normal -0.865031 -0.501718 -0.000502679
    outer loop
      vertex -2.84306 39.2004 2.49
      vertex -2.84654 39.2064 2.49
      vertex -3.075 39.6021 0.69
    endloop
  endfacet
  facet normal -0.866355 -0.499428 0.000125423
    outer loop
      vertex -2.93287 39.356 2.49
      vertex -2.93385 39.3577 2.49
      vertex -3.075 39.6021 0.69
    endloop
  endfacet
  facet normal -0.85749 -0.514494 -0.00261534
    outer loop
      vertex -2.93385 39.3577 2.49
      vertex -2.93487 39.3594 2.49
      vertex -3.075 39.6021 0.69
    endloop
  endfacet
  facet normal -0.865986 -0.500069 8.71766e-06
    outer loop
      vertex -2.85116 39.2145 2.49
      vertex -2.93287 39.356 2.49
      vertex -3.075 39.6021 0.69
    endloop
  endfacet
  facet normal -0.866906 -0.498471 0.00019385
    outer loop
      vertex -2.98369 39.444 2.49
      vertex -2.98507 39.4464 2.49
      vertex -3.075 39.6021 0.69
    endloop
  endfacet
  facet normal -0.866583 -0.499032 0.000128161
    outer loop
      vertex -2.98202 39.4411 2.49
      vertex -2.98369 39.444 2.49
      vertex -3.075 39.6021 0.69
    endloop
  endfacet
  facet normal -0.863778 -0.503871 -0.00114451
    outer loop
      vertex -2.84166 39.198 2.49
      vertex -2.84306 39.2004 2.49
      vertex -3.075 39.6021 0.69
    endloop
  endfacet
  facet normal -0.865031 -0.501718 -0.000305644
    outer loop
      vertex -2.93487 39.3594 2.49
      vertex -2.93574 39.3609 2.49
      vertex -3.075 39.6021 0.69
    endloop
  endfacet
  facet normal -0.866135 -0.49981 3.5495e-05
    outer loop
      vertex -2.93574 39.3609 2.49
      vertex -2.98202 39.4411 2.49
      vertex -3.075 39.6021 0.69
    endloop
  endfacet
  facet normal -0.866021 -0.500008 1.58506e-05
    outer loop
      vertex -3.075 39.6021 0.69
      vertex -2.98588 39.4478 2.49
      vertex -3.03842 39.5388 2.49
    endloop
  endfacet
  facet normal -0.865826 -0.500346 0
    outer loop
      vertex -3.075 39.6021 0.69
      vertex -3.03842 39.5388 2.49
      vertex -3.075 39.6021 2.53227
    endloop
  endfacet
  facet normal -0.868638 -0.495445 0.00133406
    outer loop
      vertex -2.84654 39.2064 2.49
      vertex -2.85116 39.2145 2.49
      vertex -3.075 39.6021 0.69
    endloop
  endfacet
  facet normal 0 -1 0
    outer loop
      vertex -3.075 39.6021 0.69
      vertex -18.3537 39.6021 2.49
      vertex -37.0382 39.6021 2.49
    endloop
  endfacet
  facet normal 0 -1 0
    outer loop
      vertex -3.075 39.6021 0.69
      vertex -3.075 39.6021 2.53227
      vertex -3.16998 39.6021 2.49
    endloop
  endfacet
  facet normal 0 -1 0
    outer loop
      vertex -3.075 39.6021 0.69
      vertex -3.16998 39.6021 2.49
      vertex -18.3537 39.6021 2.49
    endloop
  endfacet
  facet normal -0.866018 0.500013 0
    outer loop
      vertex -2.15 4 0.69
      vertex -2.33992 3.67106 2.49
      vertex -2.15 4 2.49
    endloop
  endfacet
  facet normal -0.866013 0.500022 2.15106e-05
    outer loop
      vertex -3.02632 2.48218 2.49
      vertex -2.84654 2.79355 2.49
      vertex -2.15 4 0.69
    endloop
  endfacet
  facet normal -0.86603 0.499992 -4.99841e-06
    outer loop
      vertex -2.84654 2.79355 2.49
      vertex -2.33992 3.67106 2.49
      vertex -2.15 4 0.69
    endloop
  endfacet
  facet normal 0 1 0
    outer loop
      vertex -3.075 2.39785 0.69
      vertex -3.58432 2.39785 2.49
      vertex -3.16998 2.39785 2.49
    endloop
  endfacet
  facet normal 0 1 -0
    outer loop
      vertex -3.075 2.39785 0.69
      vertex -3.16998 2.39785 2.49
      vertex -3.075 2.39785 2.53227
    endloop
  endfacet
  facet normal -0 1 0
    outer loop
      vertex -37.0382 2.39785 2.49
      vertex -3.58432 2.39785 2.49
      vertex -3.075 2.39785 0.69
    endloop
  endfacet
  facet normal -1 0 0
    outer loop
      vertex -2.15 38 0.69
      vertex -2.15 4 0.69
      vertex -2.15 36.2105 2.49
    endloop
  endfacet
  facet normal -1 0 0
    outer loop
      vertex -2.15 4 2.49
      vertex -2.15 36.2105 2.49
      vertex -2.15 4 0.69
    endloop
  endfacet
  facet normal 0.624474 0 0.781045
    outer loop
      vertex -39.85 38 0.69
      vertex -39.85 4 0.69
      vertex -38.987 8.14269 0
    endloop
  endfacet
  facet normal 0.710316 -0.40944 0.572548
    outer loop
      vertex -38.9738 38.5552 0
      vertex -39.85 38 0.69
      vertex -38.987 38.5323 0
    endloop
  endfacet
  facet normal 0 -0.798331 0.602219
    outer loop
      vertex -3.075 39.6021 0.69
      vertex -38.925 39.6021 0.69
      vertex -32.918 39.0816 0
    endloop
  endfacet
  facet normal -0 0.798303 0.602256
    outer loop
      vertex -33.4301 2.9184 0
      vertex -38.925 2.39785 0.69
      vertex -32.918 2.9184 0
    endloop
  endfacet
  facet normal -0.707107 0 0.707107
    outer loop
      vertex -2.15 4 2.49
      vertex 0 9.88461 4.64
      vertex -2.15 38 2.49
    endloop
  endfacet
  facet normal -0.698074 0.159331 0.698074
    outer loop
      vertex 0 4 4.64
      vertex -2.15 4 2.49
      vertex 0 2.42274 5
    endloop
  endfacet
  facet normal 0.310642 0.645086 0.698116
    outer loop
      vertex 2.84654 2.55361 2.49
      vertex 3.075 2.39785 2.53227
      vertex 3.03842 2.46121 2.49
    endloop
  endfacet
  facet normal -0.310656 -0.645111 0.698087
    outer loop
      vertex 40.1825 41.4401 4.79041
      vertex 39.021 41.7934 4.60002
      vertex 40.4945 41.1281 4.64093
    endloop
  endfacet
  facet normal 0.866031 0.499991 0
    outer loop
      vertex 3.075 2.39785 2.53227
      vertex 3.075 2.39785 0.69
      vertex 3.03842 2.46121 2.49
    endloop
  endfacet
  facet normal -0.698053 -0.159373 0.698085
    outer loop
      vertex -0.0654339 39.8639 5
      vertex -2.15 38 2.49
      vertex 0 39.5773 5
    endloop
  endfacet
  facet normal -0.560613 0.44517 0.698238
    outer loop
      vertex 39.6668 3.19731 2.49
      vertex 41.9105 2.08598 5
      vertex 41.9282 2.10827 5
    endloop
  endfacet
  facet normal -0.559816 -0.446435 0.698071
    outer loop
      vertex -0.825376 40.8367 5
      vertex -2.33321 38.8027 2.49
      vertex -0.0898716 39.9144 5
    endloop
  endfacet
  facet normal -0.865895 -0.500226 0
    outer loop
      vertex 39.8013 38.0843 2.49
      vertex 39.85 38 0.69
      vertex 39.85 38 2.49
    endloop
  endfacet
  facet normal -0.697596 0.160713 0.698234
    outer loop
      vertex 41.9346 2.13605 5
      vertex 39.6668 3.19731 2.49
      vertex 41.9282 2.10827 5
    endloop
  endfacet
  facet normal -0.698221 -0.158904 0.698023
    outer loop
      vertex -2.33321 38.8027 2.49
      vertex -0.0654339 39.8639 5
      vertex -0.0710097 39.8884 5
    endloop
  endfacet
  facet normal -0.559887 0.446316 0.698089
    outer loop
      vertex -0.0717757 2.10827 5
      vertex -2.33321 3.19731 2.49
      vertex -0.0875673 2.08846 5
    endloop
  endfacet
  facet normal -0.707107 0 0.707107
    outer loop
      vertex 42 9.88461 4.64
      vertex 39.85 4 2.49
      vertex 42 4 4.64
    endloop
  endfacet
  facet normal 0 0.716027 0.698073
    outer loop
      vertex 38.913 -2.37166e-16 4.74287
      vertex 38.4117 2.19638 2.49
      vertex 34.2636 -2.37166e-16 4.74287
    endloop
  endfacet
  facet normal -0.707107 0 0.707107
    outer loop
      vertex 0 9.88461 4.64
      vertex 0 38 4.64
      vertex -2.15 38 2.49
    endloop
  endfacet
  facet normal -0.698073 -0.159336 0.698073
    outer loop
      vertex 41.9691 38.3653 4.69248
      vertex 39.85 38 2.49
      vertex 42 38 4.64
    endloop
  endfacet
  facet normal -0.31051 0.645176 0.698092
    outer loop
      vertex 38.9822 -6.96758e-17 4.77365
      vertex 38.4117 2.19638 2.49
      vertex 38.913 -2.37166e-16 4.74287
    endloop
  endfacet
  facet normal 0.707107 0 0.707107
    outer loop
      vertex 2.15 4 2.49
      vertex 0 9.88461 4.64
      vertex 0 4 4.64
    endloop
  endfacet
  facet normal 0 -0.716024 0.698076
    outer loop
      vertex 34.3159 42 4.74287
      vertex 38.4117 39.8036 2.49
      vertex 38.25 42 4.74287
    endloop
  endfacet
  facet normal 0 -0 1
    outer loop
      vertex 39.6668 3.19731 2.49
      vertex 39.85 4 2.49
      vertex 39.6601 3.67106 2.49
    endloop
  endfacet
  facet normal 0.31069 -0.645063 0.698115
    outer loop
      vertex 3.58834 39.8036 2.49
      vertex 3.075 39.6021 2.53227
      vertex 3.16998 39.6021 2.49
    endloop
  endfacet
  facet normal -0.310837 -0.645558 0.697592
    outer loop
      vertex 39.1535 39.4464 2.49
      vertex 38.925 39.6021 2.53227
      vertex 38.9616 39.5388 2.49
    endloop
  endfacet
  facet normal 0.310595 0.645145 0.698082
    outer loop
      vertex 3.58834 2.19638 2.49
      vertex 3.01785 -9.95572e-17 4.77365
      vertex 3.08703 -2.37166e-16 4.74287
    endloop
  endfacet
  facet normal -0 0 1
    outer loop
      vertex 2.33321 38.8027 2.49
      vertex 2.15 38 2.49
      vertex 2.61629 38.8076 2.49
    endloop
  endfacet
  facet normal -0.310657 0.644999 0.698189
    outer loop
      vertex 38.4117 2.19638 2.49
      vertex 38.925 2.39785 2.53227
      vertex 38.83 2.39785 2.49
    endloop
  endfacet
  facet normal 0.866024 0.500003 0
    outer loop
      vertex 2.15 4 2.49
      vertex 2.51188 3.37321 2.49
      vertex 2.15 4 0.69
    endloop
  endfacet
  facet normal 0.866027 0.499997 -2.8162e-06
    outer loop
      vertex 2.51188 3.37321 2.49
      vertex 2.93385 2.64233 2.49
      vertex 2.15 4 0.69
    endloop
  endfacet
  facet normal 0 -0.716024 0.698076
    outer loop
      vertex 3.08703 42 4.74287
      vertex 3.58834 39.8036 2.49
      vertex 7.73638 42 4.74287
    endloop
  endfacet
  facet normal 0.866008 0.50003 3.05445e-05
    outer loop
      vertex 2.93385 2.64233 2.49
      vertex 3.02632 2.48218 2.49
      vertex 2.15 4 0.69
    endloop
  endfacet
  facet normal 0.560141 -0.446104 0.698021
    outer loop
      vertex 1.26382 41.3865 5
      vertex 2.84654 39.4464 2.49
      vertex 1.28158 41.4088 5
    endloop
  endfacet
  facet normal 0.866015 -0.500018 0
    outer loop
      vertex 2.61629 38.8076 2.49
      vertex 2.15 38 2.49
      vertex 2.15 38 0.69
    endloop
  endfacet
  facet normal 0.559942 0.446305 0.698053
    outer loop
      vertex 1.28158 0.591215 5
      vertex 2.84654 2.55361 2.49
      vertex 1.26382 0.613497 5
    endloop
  endfacet
  facet normal 0.866044 -0.499968 -2.96183e-05
    outer loop
      vertex 2.98507 39.4464 2.49
      vertex 2.61629 38.8076 2.49
      vertex 2.15 38 0.69
    endloop
  endfacet
  facet normal 0 0 1
    outer loop
      vertex 39.6668 38.8027 2.49
      vertex 39.1535 39.4464 2.49
      vertex 39.85 38 2.49
    endloop
  endfacet
  facet normal -0.559787 -0.44647 0.698071
    outer loop
      vertex 39.1535 39.4464 2.49
      vertex 40.5898 41.0328 4.6564
      vertex 40.4945 41.1281 4.64093
    endloop
  endfacet
  facet normal 0.865883 -0.500247 0.000269507
    outer loop
      vertex 3.02632 39.5178 2.49
      vertex 2.98507 39.4464 2.49
      vertex 2.15 38 0.69
    endloop
  endfacet
  facet normal -0.866151 0.499782 1.9413e-05
    outer loop
      vertex 38.9737 2.48218 2.49
      vertex 38.925 2.39785 0.69
      vertex 38.9616 2.46121 2.49
    endloop
  endfacet
  facet normal -0.866026 0.499999 5.84233e-06
    outer loop
      vertex 38.925 2.39785 0.69
      vertex 38.9737 2.48218 2.49
      vertex 39.85 4 0.69
    endloop
  endfacet
  facet normal 0 -0 1
    outer loop
      vertex 3.58834 2.19638 2.49
      vertex 3.78069 2.39785 2.49
      vertex 3.16998 2.39785 2.49
    endloop
  endfacet
  facet normal 0 -1 0
    outer loop
      vertex 3.075 39.6021 0.69
      vertex 3.16998 39.6021 2.49
      vertex 3.075 39.6021 2.53227
    endloop
  endfacet
  facet normal 0 0 1
    outer loop
      vertex 3.02632 2.48218 2.49
      vertex 2.84654 2.55361 2.49
      vertex 3.03842 2.46121 2.49
    endloop
  endfacet
  facet normal -0 0 1
    outer loop
      vertex 39.0661 39.3577 2.49
      vertex 39.0671 39.356 2.49
      vertex 39.1535 39.4464 2.49
    endloop
  endfacet
  facet normal 0 0 1
    outer loop
      vertex 2.93385 2.64233 2.49
      vertex 2.84654 2.55361 2.49
      vertex 3.02632 2.48218 2.49
    endloop
  endfacet
  facet normal 0 -1 0
    outer loop
      vertex 3.075 39.6021 0.69
      vertex 4.96184 39.6021 2.49
      vertex 3.16998 39.6021 2.49
    endloop
  endfacet
  facet normal 0.310672 0.645118 0.698073
    outer loop
      vertex 3.075 2.39785 2.53227
      vertex 2.84654 2.55361 2.49
      vertex 1.29055 0.586897 5
    endloop
  endfacet
  facet normal 0.31067 0.645119 0.698073
    outer loop
      vertex 3.58834 2.19638 2.49
      vertex 3.075 2.39785 2.53227
      vertex 1.30726 0.578849 5
    endloop
  endfacet
  facet normal 0 -1 0
    outer loop
      vertex 3.075 39.6021 0.69
      vertex 38.925 39.6021 0.69
      vertex 4.96184 39.6021 2.49
    endloop
  endfacet
  facet normal 0.310671 0.645119 0.698072
    outer loop
      vertex 3.16998 2.39785 2.49
      vertex 3.075 2.39785 2.53227
      vertex 3.58834 2.19638 2.49
    endloop
  endfacet
  facet normal 0 0 1
    outer loop
      vertex 2.93385 2.64233 2.49
      vertex 2.51188 3.37321 2.49
      vertex 2.33321 3.19731 2.49
    endloop
  endfacet
  facet normal 0.86646 -0.499246 5.1575e-05
    outer loop
      vertex 3.02632 39.5178 2.49
      vertex 3.075 39.6021 0.69
      vertex 3.03842 39.5388 2.49
    endloop
  endfacet
  facet normal 0 -0 1
    outer loop
      vertex 2.84654 2.55361 2.49
      vertex 2.93385 2.64233 2.49
      vertex 2.33321 3.19731 2.49
    endloop
  endfacet
  facet normal -0 0 1
    outer loop
      vertex 39.0651 39.3594 2.49
      vertex 39.0661 39.3577 2.49
      vertex 39.1535 39.4464 2.49
    endloop
  endfacet
  facet normal 0.310601 -0.645126 0.698096
    outer loop
      vertex 3.075 39.6021 2.53227
      vertex 3.08703 42 4.74287
      vertex 3.01785 42 4.77365
    endloop
  endfacet
  facet normal 0.310516 -0.645149 0.698114
    outer loop
      vertex 2.84654 39.4464 2.49
      vertex 3.075 39.6021 2.53227
      vertex 2.99068 42 4.78575
    endloop
  endfacet
  facet normal 0.865826 -0.500346 0
    outer loop
      vertex 3.03842 39.5388 2.49
      vertex 3.075 39.6021 0.69
      vertex 3.075 39.6021 2.53227
    endloop
  endfacet
  facet normal 0.31084 -0.645498 0.697646
    outer loop
      vertex 3.03842 39.5388 2.49
      vertex 3.075 39.6021 2.53227
      vertex 2.84654 39.4464 2.49
    endloop
  endfacet
  facet normal 0 -0 1
    outer loop
      vertex 4.96184 39.6021 2.49
      vertex 23.6463 39.6021 2.49
      vertex 3.58834 39.8036 2.49
    endloop
  endfacet
  facet normal 1 0 -0
    outer loop
      vertex 2.15 38 0.69
      vertex 2.15 38 2.49
      vertex 2.15 5.78947 2.49
    endloop
  endfacet
  facet normal 0 0 1
    outer loop
      vertex 2.84654 39.4464 2.49
      vertex 3.02632 39.5178 2.49
      vertex 3.03842 39.5388 2.49
    endloop
  endfacet
  facet normal 0 0 1
    outer loop
      vertex 39.0141 39.4478 2.49
      vertex 39.0149 39.4464 2.49
      vertex 39.1535 39.4464 2.49
    endloop
  endfacet
  facet normal 0 -0 1
    outer loop
      vertex 2.98507 39.4464 2.49
      vertex 3.02632 39.5178 2.49
      vertex 2.84654 39.4464 2.49
    endloop
  endfacet
  facet normal 0 0 1
    outer loop
      vertex 4.96184 39.6021 2.49
      vertex 3.58834 39.8036 2.49
      vertex 3.16998 39.6021 2.49
    endloop
  endfacet
  facet normal 0 0 0
    outer loop
      vertex 2.15 4 2.49
      vertex 2.15 5.78947 2.49
      vertex 2.15 38 2.49
    endloop
  endfacet
  facet normal -0 0 1
    outer loop
      vertex 39.018 39.4411 2.49
      vertex 39.0643 39.3609 2.49
      vertex 39.1535 39.4464 2.49
    endloop
  endfacet
  facet normal -0.707107 0 0.707107
    outer loop
      vertex 39.16 33.325 0
      vertex 39.85 38 0.69
      vertex 39.16 33.8107 0
    endloop
  endfacet
  facet normal 0 0 1
    outer loop
      vertex 4.96184 2.39785 2.49
      vertex 3.58834 2.19638 2.49
      vertex 38.4117 2.19638 2.49
    endloop
  endfacet
  facet normal 0 0 1
    outer loop
      vertex 4.96184 2.39785 2.49
      vertex 3.78069 2.39785 2.49
      vertex 3.58834 2.19638 2.49
    endloop
  endfacet
  facet normal -0 0 1
    outer loop
      vertex 39.0671 39.356 2.49
      vertex 39.1488 39.2145 2.49
      vertex 39.1535 39.4464 2.49
    endloop
  endfacet
  facet normal 0 0 1
    outer loop
      vertex 38.4157 2.39785 2.49
      vertex 4.96184 2.39785 2.49
      vertex 38.4117 2.19638 2.49
    endloop
  endfacet
  facet normal -0.654717 -0.377391 0.654921
    outer loop
      vertex 39.85 38 0.69
      vertex 39.0328 38.2203 0
      vertex 39.046 38.1974 0
    endloop
  endfacet
  facet normal -0.865912 0.500196 0
    outer loop
      vertex 38.9616 2.46121 2.49
      vertex 38.925 2.39785 0.69
      vertex 38.925 2.39785 2.53227
    endloop
  endfacet
  facet normal 0 0 1
    outer loop
      vertex 39.1535 39.4464 2.49
      vertex 39.1488 39.2145 2.49
      vertex 39.1535 39.2064 2.49
    endloop
  endfacet
  facet normal 0.866151 0.499782 9.78912e-06
    outer loop
      vertex 3.03842 2.46121 2.49
      vertex 3.075 2.39785 0.69
      vertex 3.02632 2.48218 2.49
    endloop
  endfacet
  facet normal 0 0 1
    outer loop
      vertex 38.9737 2.48218 2.49
      vertex 39.1535 2.55361 2.49
      vertex 39.1535 2.79355 2.49
    endloop
  endfacet
  facet normal 0 0 1
    outer loop
      vertex 38.83 2.39785 2.49
      vertex 38.4157 2.39785 2.49
      vertex 38.4117 2.19638 2.49
    endloop
  endfacet
  facet normal 0 0 1
    outer loop
      vertex 38.9616 2.46121 2.49
      vertex 39.1535 2.55361 2.49
      vertex 38.9737 2.48218 2.49
    endloop
  endfacet
  facet normal -0.31115 -0.644992 0.697976
    outer loop
      vertex 38.925 39.6021 2.53227
      vertex 39.021 41.7934 4.60002
      vertex 38.9775 41.8051 4.59144
    endloop
  endfacet
  facet normal -0.310599 -0.64514 0.698085
    outer loop
      vertex 38.8748 41.8326 4.57116
      vertex 38.4117 39.8036 2.49
      vertex 38.9775 41.8051 4.59144
    endloop
  endfacet
  facet normal -0.310677 -0.644943 0.698232
    outer loop
      vertex 38.83 39.6021 2.49
      vertex 38.925 39.6021 2.53227
      vertex 38.4117 39.8036 2.49
    endloop
  endfacet
  facet normal 0 0 1
    outer loop
      vertex 39.6601 3.67106 2.49
      vertex 39.1535 2.79355 2.49
      vertex 39.6668 3.19731 2.49
    endloop
  endfacet
  facet normal 0 0 1
    outer loop
      vertex 39.6668 3.19731 2.49
      vertex 39.1535 2.79355 2.49
      vertex 39.1535 2.55361 2.49
    endloop
  endfacet
  facet normal -0 0 1
    outer loop
      vertex 39.1535 39.2064 2.49
      vertex 39.1569 39.2004 2.49
      vertex 39.1535 39.4464 2.49
    endloop
  endfacet
  facet normal -0.310838 0.645004 0.698104
    outer loop
      vertex 38.925 2.39785 2.53227
      vertex 40.6927 0.578849 5
      vertex 40.7094 0.586897 5
    endloop
  endfacet
  facet normal -0.309782 0.645679 0.69795
    outer loop
      vertex 40.7184 0.591215 5
      vertex 39.1535 2.55361 2.49
      vertex 40.7094 0.586897 5
    endloop
  endfacet
  facet normal -0.310638 0.645146 0.698062
    outer loop
      vertex 38.9616 2.46121 2.49
      vertex 38.925 2.39785 2.53227
      vertex 39.1535 2.55361 2.49
    endloop
  endfacet
  facet normal 0 0 1
    outer loop
      vertex 39.1535 39.4464 2.49
      vertex 39.0163 39.444 2.49
      vertex 39.018 39.4411 2.49
    endloop
  endfacet
  facet normal 0.710346 0.409946 0.572147
    outer loop
      vertex 2.15 4 0.69
      vertex 3.02617 3.4448 0
      vertex 3.01296 3.46769 0
    endloop
  endfacet
  facet normal -0 0 0
    outer loop
      vertex 39.85 36.2105 2.49
      vertex 39.85 4 2.49
      vertex 39.85 38 2.49
    endloop
  endfacet
  facet normal 0 0 1
    outer loop
      vertex 39.1535 39.4464 2.49
      vertex 39.8013 38.0843 2.49
      vertex 39.85 38 2.49
    endloop
  endfacet
  facet normal 0 1 0
    outer loop
      vertex 38.925 2.39785 0.69
      vertex 3.075 2.39785 0.69
      vertex 4.96184 2.39785 2.49
    endloop
  endfacet
  facet normal -0 -0 1
    outer loop
      vertex 39.1583 39.198 2.49
      vertex 39.8013 38.0843 2.49
      vertex 39.1535 39.4464 2.49
    endloop
  endfacet
  facet normal 0 0 1
    outer loop
      vertex 39.1535 39.4464 2.49
      vertex 38.9616 39.5388 2.49
      vertex 39.0141 39.4478 2.49
    endloop
  endfacet
  facet normal 0 0 1
    outer loop
      vertex 38.4117 39.8036 2.49
      vertex 3.58834 39.8036 2.49
      vertex 23.6463 39.6021 2.49
    endloop
  endfacet
  facet normal 0 0 1
    outer loop
      vertex 38.83 39.6021 2.49
      vertex 38.4117 39.8036 2.49
      vertex 23.6463 39.6021 2.49
    endloop
  endfacet
  facet normal 0 0 1
    outer loop
      vertex 39.1535 39.4464 2.49
      vertex 39.0643 39.3609 2.49
      vertex 39.0651 39.3594 2.49
    endloop
  endfacet
  facet normal -0.654699 0.377546 0.65485
    outer loop
      vertex 39.0328 3.7797 0
      vertex 39.85 4 0.69
      vertex 39.046 3.80259 0
    endloop
  endfacet
  facet normal 0 0 1
    outer loop
      vertex 2.15 4 2.49
      vertex 2.33321 3.19731 2.49
      vertex 2.51188 3.37321 2.49
    endloop
  endfacet
  facet normal 0 0 1
    outer loop
      vertex 2.61629 38.8076 2.49
      vertex 2.98507 39.4464 2.49
      vertex 2.84654 39.4464 2.49
    endloop
  endfacet
  facet normal 0 0 1
    outer loop
      vertex 2.33321 38.8027 2.49
      vertex 2.61629 38.8076 2.49
      vertex 2.84654 39.4464 2.49
    endloop
  endfacet
  facet normal -0 0 1
    outer loop
      vertex 39.0149 39.4464 2.49
      vertex 39.0163 39.444 2.49
      vertex 39.1535 39.4464 2.49
    endloop
  endfacet
  facet normal -0.866019 -0.500011 -1.34447e-05
    outer loop
      vertex 38.925 39.6021 0.69
      vertex 39.85 38 0.69
      vertex 39.8013 38.0843 2.49
    endloop
  endfacet
  facet normal 0 0 1
    outer loop
      vertex 39.1535 39.4464 2.49
      vertex 39.1569 39.2004 2.49
      vertex 39.1583 39.198 2.49
    endloop
  endfacet
  facet normal -1 0 0
    outer loop
      vertex 39.85 38 0.69
      vertex 39.85 36.2105 2.49
      vertex 39.85 38 2.49
    endloop
  endfacet
  facet normal 0.866019 -0.500011 3.82231e-06
    outer loop
      vertex 2.15 38 0.69
      vertex 3.075 39.6021 0.69
      vertex 3.02632 39.5178 2.49
    endloop
  endfacet
  facet normal 1 0 0
    outer loop
      vertex 2.15 4 0.69
      vertex 2.15 38 0.69
      vertex 2.15 5.78947 2.49
    endloop
  endfacet
  facet normal 1 0 0
    outer loop
      vertex 2.15 4 0.69
      vertex 2.15 5.78947 2.49
      vertex 2.15 4 2.49
    endloop
  endfacet
  facet normal 0 1 0
    outer loop
      vertex 3.16998 2.39785 2.49
      vertex 3.075 2.39785 0.69
      vertex 3.075 2.39785 2.53227
    endloop
  endfacet
  facet normal 0 1 0
    outer loop
      vertex 4.96184 2.39785 2.49
      vertex 3.075 2.39785 0.69
      vertex 3.78069 2.39785 2.49
    endloop
  endfacet
  facet normal 0 1 0
    outer loop
      vertex 3.075 2.39785 0.69
      vertex 3.16998 2.39785 2.49
      vertex 3.78069 2.39785 2.49
    endloop
  endfacet
  facet normal -0.866024 -0.500003 -4.35893e-06
    outer loop
      vertex 38.925 39.6021 0.69
      vertex 39.8013 38.0843 2.49
      vertex 39.1583 39.198 2.49
    endloop
  endfacet
  facet normal -0.868243 -0.496139 0.000447903
    outer loop
      vertex 38.925 39.6021 0.69
      vertex 39.0149 39.4464 2.49
      vertex 39.0141 39.4478 2.49
    endloop
  endfacet
  facet normal -0.87002 -0.493012 0.00206388
    outer loop
      vertex 39.1569 39.2004 2.49
      vertex 39.1535 39.2064 2.49
      vertex 38.925 39.6021 0.69
    endloop
  endfacet
  facet normal -0.861934 -0.50702 -0.001276
    outer loop
      vertex 39.0671 39.356 2.49
      vertex 39.0661 39.3577 2.49
      vertex 38.925 39.6021 0.69
    endloop
  endfacet
  facet normal -0.861934 -0.50702 -0.001276
    outer loop
      vertex 39.0661 39.3577 2.49
      vertex 39.0651 39.3594 2.49
      vertex 38.925 39.6021 0.69
    endloop
  endfacet
  facet normal -0.866012 -0.500023 2.6521e-06
    outer loop
      vertex 39.1488 39.2145 2.49
      vertex 39.0671 39.356 2.49
      vertex 38.925 39.6021 0.69
    endloop
  endfacet
  facet normal -0.863779 -0.503871 -0.000443886
    outer loop
      vertex 39.0163 39.444 2.49
      vertex 39.0149 39.4464 2.49
      vertex 38.925 39.6021 0.69
    endloop
  endfacet
  facet normal -0.862698 -0.505719 -0.000661071
    outer loop
      vertex 39.018 39.4411 2.49
      vertex 39.0163 39.444 2.49
      vertex 38.925 39.6021 0.69
    endloop
  endfacet
  facet normal -0.863778 -0.503871 -0.0011637
    outer loop
      vertex 39.1583 39.198 2.49
      vertex 39.1569 39.2004 2.49
      vertex 38.925 39.6021 0.69
    endloop
  endfacet
  facet normal -0.882341 -0.470582 0.00522542
    outer loop
      vertex 39.0651 39.3594 2.49
      vertex 39.0643 39.3609 2.49
      vertex 38.925 39.6021 0.69
    endloop
  endfacet
  facet normal -0.866042 -0.499972 2.57965e-05
    outer loop
      vertex 39.0643 39.3609 2.49
      vertex 39.018 39.4411 2.49
      vertex 38.925 39.6021 0.69
    endloop
  endfacet
  facet normal -0.866186 -0.499722 3.88673e-05
    outer loop
      vertex 38.925 39.6021 0.69
      vertex 39.0141 39.4478 2.49
      vertex 38.9616 39.5388 2.49
    endloop
  endfacet
  facet normal -0.865707 -0.500551 0
    outer loop
      vertex 38.925 39.6021 0.69
      vertex 38.9616 39.5388 2.49
      vertex 38.925 39.6021 2.53227
    endloop
  endfacet
  facet normal -0.864938 -0.501878 -0.000530353
    outer loop
      vertex 39.1535 39.2064 2.49
      vertex 39.1488 39.2145 2.49
      vertex 38.925 39.6021 0.69
    endloop
  endfacet
  facet normal 0 -1 0
    outer loop
      vertex 38.925 39.6021 0.69
      vertex 23.6463 39.6021 2.49
      vertex 4.96184 39.6021 2.49
    endloop
  endfacet
  facet normal 0 -1 0
    outer loop
      vertex 38.925 39.6021 0.69
      vertex 38.925 39.6021 2.53227
      vertex 38.83 39.6021 2.49
    endloop
  endfacet
  facet normal 0 -1 0
    outer loop
      vertex 38.925 39.6021 0.69
      vertex 38.83 39.6021 2.49
      vertex 23.6463 39.6021 2.49
    endloop
  endfacet
  facet normal -0.866041 0.499973 0
    outer loop
      vertex 39.85 4 0.69
      vertex 39.6601 3.67106 2.49
      vertex 39.85 4 2.49
    endloop
  endfacet
  facet normal -0.865989 0.500064 7.80364e-05
    outer loop
      vertex 38.9737 2.48218 2.49
      vertex 39.1535 2.79355 2.49
      vertex 39.85 4 0.69
    endloop
  endfacet
  facet normal -0.866038 0.499977 1.01708e-06
    outer loop
      vertex 39.1535 2.79355 2.49
      vertex 39.6601 3.67106 2.49
      vertex 39.85 4 0.69
    endloop
  endfacet
  facet normal 0 1 0
    outer loop
      vertex 38.925 2.39785 0.69
      vertex 38.4157 2.39785 2.49
      vertex 38.83 2.39785 2.49
    endloop
  endfacet
  facet normal 0 1 -0
    outer loop
      vertex 38.925 2.39785 0.69
      vertex 38.83 2.39785 2.49
      vertex 38.925 2.39785 2.53227
    endloop
  endfacet
  facet normal -0 1 0
    outer loop
      vertex 4.96184 2.39785 2.49
      vertex 38.4157 2.39785 2.49
      vertex 38.925 2.39785 0.69
    endloop
  endfacet
  facet normal -1 0 0
    outer loop
      vertex 39.85 38 0.69
      vertex 39.85 4 0.69
      vertex 39.85 36.2105 2.49
    endloop
  endfacet
  facet normal -1 0 0
    outer loop
      vertex 39.85 4 2.49
      vertex 39.85 36.2105 2.49
      vertex 39.85 4 0.69
    endloop
  endfacet
  facet normal 0.624492 0 0.781031
    outer loop
      vertex 3.01296 8.14269 0
      vertex 2.15 4 0.69
      vertex 3.01296 7.65697 0
    endloop
  endfacet
  facet normal 0.71034 -0.409764 0.572286
    outer loop
      vertex 3.02617 38.5552 0
      vertex 2.15 38 0.69
      vertex 3.01296 38.5323 0
    endloop
  endfacet
  facet normal 0 -0.798331 0.602219
    outer loop
      vertex 38.925 39.6021 0.69
      vertex 3.075 39.6021 0.69
      vertex 9.08204 39.0816 0
    endloop
  endfacet
  facet normal -0 0.798303 0.602256
    outer loop
      vertex 8.5699 2.9184 0
      vertex 3.075 2.39785 0.69
      vertex 9.08204 2.9184 0
    endloop
  endfacet
  facet normal -0.707107 0 0.707107
    outer loop
      vertex 39.16 35.5842 0
      vertex 39.85 38 0.69
      vertex 39.16 37.8647 0
    endloop
  endfacet
  facet normal 0.698074 -0.159327 0.698074
    outer loop
      vertex 0 38 4.64
      vertex 2.15 38 2.49
      vertex 0 39.5773 5
    endloop
  endfacet
  facet normal 0.707107 -0 0.707107
    outer loop
      vertex 0 9.88461 4.64
      vertex 2.15 38 2.49
      vertex 0 38 4.64
    endloop
  endfacet
  facet normal 0.707107 -0 0.707107
    outer loop
      vertex 2.15 4 2.49
      vertex 2.15 38 2.49
      vertex 0 9.88461 4.64
    endloop
  endfacet
  facet normal 0.698075 0.159328 0.698073
    outer loop
      vertex 0.0654339 2.13605 5
      vertex 2.15 4 2.49
      vertex 0 2.42274 5
    endloop
  endfacet
  facet normal 0.698221 -0.158904 0.698023
    outer loop
      vertex 0.0654339 39.8639 5
      vertex 2.33321 38.8027 2.49
      vertex 0.0710097 39.8884 5
    endloop
  endfacet
  facet normal 0.698075 0.159326 0.698073
    outer loop
      vertex 2.33321 3.19731 2.49
      vertex 0.0654339 2.13605 5
      vertex 0.0710097 2.11162 5
    endloop
  endfacet
  facet normal -0.310874 0.645042 0.698053
    outer loop
      vertex -2.99068 -3.89663e-18 4.78575
      vertex -3.58834 2.19638 2.49
      vertex -3.01785 -6.96758e-17 4.77365
    endloop
  endfacet
  facet normal -0 0.716027 0.698073
    outer loop
      vertex 3.08703 -2.37166e-16 4.74287
      vertex 7.73638 -2.37166e-16 4.74287
      vertex 3.58834 2.19638 2.49
    endloop
  endfacet
  facet normal 0 0.716027 0.698073
    outer loop
      vertex 34.2636 -2.37166e-16 4.74287
      vertex 3.58834 2.19638 2.49
      vertex 7.73638 -2.37166e-16 4.74287
    endloop
  endfacet
  facet normal -0.310707 0.645093 0.69808
    outer loop
      vertex 40.6927 0.578849 5
      vertex 38.4117 2.19638 2.49
      vertex 40.2524 0.36678 5
    endloop
  endfacet
  facet normal -0.311641 0.644759 0.697973
    outer loop
      vertex 39.0093 -3.89663e-18 4.78575
      vertex 38.4117 2.19638 2.49
      vertex 38.9822 -6.96758e-17 4.77365
    endloop
  endfacet
  facet normal 0.310874 0.645042 0.698053
    outer loop
      vertex 3.58834 2.19638 2.49
      vertex 2.99068 -4.55134e-17 4.78575
      vertex 3.01785 -9.95572e-17 4.77365
    endloop
  endfacet
  facet normal 0.31067 0.645119 0.698073
    outer loop
      vertex 1.74763 0.36678 5
      vertex 3.58834 2.19638 2.49
      vertex 1.30726 0.578849 5
    endloop
  endfacet
  facet normal 0 0.716027 0.698073
    outer loop
      vertex -3.58834 2.19638 2.49
      vertex -38.4117 2.19638 2.49
      vertex -7.73638 -2.37166e-16 4.74287
    endloop
  endfacet
  facet normal 0 0.716027 0.698073
    outer loop
      vertex -7.73638 -2.37166e-16 4.74287
      vertex -38.4117 2.19638 2.49
      vertex -34.2636 -2.37166e-16 4.74287
    endloop
  endfacet
  facet normal -0 0.716027 0.698073
    outer loop
      vertex 3.58834 2.19638 2.49
      vertex 34.2636 -2.37166e-16 4.74287
      vertex 38.4117 2.19638 2.49
    endloop
  endfacet
  facet normal 0.311641 0.644759 0.697973
    outer loop
      vertex -38.4117 2.19638 2.49
      vertex -39.0093 -4.55134e-17 4.78575
      vertex -38.9822 -9.95572e-17 4.77365
    endloop
  endfacet
  facet normal 0.310707 0.645093 0.69808
    outer loop
      vertex -40.2524 0.36678 5
      vertex -38.4117 2.19638 2.49
      vertex -40.6927 0.578849 5
    endloop
  endfacet
  facet normal 0.6972 0.161835 0.698371
    outer loop
      vertex 0.0710097 -39.8884 5
      vertex 0.0717757 -39.8917 5
      vertex 2.33321 -38.8027 2.49
    endloop
  endfacet
  facet normal -0.557717 0.405218 0.724396
    outer loop
      vertex 38.6868 3.3035 0
      vertex 38.407 2.9184 0
      vertex 38.925 2.39785 0.69
    endloop
  endfacet
  facet normal 0.310669 -0.645104 0.698087
    outer loop
      vertex 2.99068 -4.55134e-17 4.78575
      vertex 2.50925 -1.34631e-17 5
      vertex 1.74763 -0.36678 5
    endloop
  endfacet
  facet normal -0.557708 0.405223 0.7244
    outer loop
      vertex 38.925 2.39785 0.69
      vertex 39.0328 3.7797 0
      vertex 38.6868 3.3035 0
    endloop
  endfacet
  facet normal -0.707107 0 0.707107
    outer loop
      vertex 39.85 4 2.49
      vertex 42 9.88461 4.64
      vertex 39.85 38 2.49
    endloop
  endfacet
  facet normal 0 -0.716024 0.698076
    outer loop
      vertex 38.4117 39.8036 2.49
      vertex 7.73638 42 4.74287
      vertex 3.58834 39.8036 2.49
    endloop
  endfacet
  facet normal -0.31066 0.645127 0.69807
    outer loop
      vertex 39.0093 -3.89663e-18 4.78575
      vertex 40.2524 0.36678 5
      vertex 38.4117 2.19638 2.49
    endloop
  endfacet
  facet normal -0.310664 0.645163 0.698034
    outer loop
      vertex 39.4907 2.36105e-16 5
      vertex 40.2524 0.36678 5
      vertex 39.0093 -3.89663e-18 4.78575
    endloop
  endfacet
  facet normal 0.559815 0.446435 0.698071
    outer loop
      vertex 2.33321 -38.8027 2.49
      vertex 1.26382 -41.3865 5
      vertex 2.84654 -39.4464 2.49
    endloop
  endfacet
  facet normal 0.559818 0.446433 0.69807
    outer loop
      vertex 0.0717757 -39.8917 5
      vertex 1.26382 -41.3865 5
      vertex 2.33321 -38.8027 2.49
    endloop
  endfacet
  facet normal -0.310468 -0.645161 0.698124
    outer loop
      vertex 38.925 39.6021 2.53227
      vertex 39.1535 39.4464 2.49
      vertex 39.021 41.7934 4.60002
    endloop
  endfacet
  facet normal 0.310669 0.645104 0.698087
    outer loop
      vertex 2.99068 -4.55134e-17 4.78575
      vertex 1.74763 0.36678 5
      vertex 2.50925 -1.34631e-17 5
    endloop
  endfacet
  facet normal -0.697981 0.159598 0.698106
    outer loop
      vertex -2.33321 3.19731 2.49
      vertex -0.0717757 2.10827 5
      vertex -0.0710097 2.11162 5
    endloop
  endfacet
  facet normal -0.698076 -0.15933 0.698072
    outer loop
      vertex -2.33321 38.8027 2.49
      vertex -2.15 38 2.49
      vertex -0.0654339 39.8639 5
    endloop
  endfacet
  facet normal -0.31069 0.645108 0.698074
    outer loop
      vertex 38.925 2.39785 2.53227
      vertex 38.4117 2.19638 2.49
      vertex 40.6927 0.578849 5
    endloop
  endfacet
  facet normal -0.559816 0.446435 0.69807
    outer loop
      vertex -2.84654 -39.4464 2.49
      vertex -0.0875673 -39.9115 5
      vertex -2.33321 -38.8027 2.49
    endloop
  endfacet
  facet normal -0.6972 0.161835 0.698371
    outer loop
      vertex -0.0717757 -39.8917 5
      vertex -0.0710097 -39.8884 5
      vertex -2.33321 -38.8027 2.49
    endloop
  endfacet
  facet normal 0.698075 -0.159328 0.698073
    outer loop
      vertex 0 -2.42274 5
      vertex 2.15 -4 2.49
      vertex 0.0654339 -2.13605 5
    endloop
  endfacet
  facet normal -0.310669 -0.645119 0.698073
    outer loop
      vertex -1.74763 -0.36678 5
      vertex -2.84654 -2.55361 2.49
      vertex -1.28158 -0.591215 5
    endloop
  endfacet
  facet normal 0.310702 -0.645104 0.698072
    outer loop
      vertex 3.075 39.6021 2.53227
      vertex 3.58834 39.8036 2.49
      vertex 3.08703 42 4.74287
    endloop
  endfacet
  facet normal -0.55983 -0.446421 0.698068
    outer loop
      vertex 39.1535 -2.55361 2.49
      vertex 39.6668 -3.19731 2.49
      vertex 40.7362 -0.613497 5
    endloop
  endfacet
  facet normal -0.310659 -0.645125 0.698072
    outer loop
      vertex 39.1535 -2.55361 2.49
      vertex 40.2524 -0.36678 5
      vertex 39.0093 -3.89663e-18 4.78575
    endloop
  endfacet
  facet normal -0.707107 0 0.707107
    outer loop
      vertex 39.16 33.325 0
      vertex 39.16 4 0
      vertex 39.85 4 0.69
    endloop
  endfacet
  facet normal -0.707107 0 0.707107
    outer loop
      vertex 39.16 -8.675 0
      vertex 39.85 -4 0.69
      vertex 39.16 -8.18929 0
    endloop
  endfacet
  facet normal -0.698074 0.159327 0.698074
    outer loop
      vertex -2.15 -38 2.49
      vertex 0 -39.5773 5
      vertex 0 -38 4.64
    endloop
  endfacet
  facet normal -0.310638 0.645145 0.698063
    outer loop
      vertex 38.925 2.39785 2.53227
      vertex 40.7094 0.586897 5
      vertex 39.1535 2.55361 2.49
    endloop
  endfacet
  facet normal -0.698221 0.158904 0.698023
    outer loop
      vertex -0.0654339 -39.8639 5
      vertex -2.33321 -38.8027 2.49
      vertex -0.0710097 -39.8884 5
    endloop
  endfacet
  facet normal -0.6972 -0.161835 0.698371
    outer loop
      vertex -0.0710097 39.8884 5
      vertex -0.0717757 39.8917 5
      vertex -2.33321 38.8027 2.49
    endloop
  endfacet
  facet normal -0.707107 0 0.707107
    outer loop
      vertex 39.16 -8.675 0
      vertex 39.16 -38 0
      vertex 39.85 -38 0.69
    endloop
  endfacet
  facet normal -0.654628 0.378053 0.654628
    outer loop
      vertex 39.85 -38 0.69
      vertex 39.16 -38 0
      vertex 39.046 -38.1974 0
    endloop
  endfacet
  facet normal -0.559803 0.446453 0.698069
    outer loop
      vertex 40.7184 0.591215 5
      vertex 41.9105 2.08598 5
      vertex 39.1535 2.55361 2.49
    endloop
  endfacet
  facet normal -0.560962 0.443788 0.698838
    outer loop
      vertex -0.0895451 -39.914 5
      vertex -0.0875673 -39.9115 5
      vertex -2.84654 -39.4464 2.49
    endloop
  endfacet
  facet normal -0.310601 -0.645126 0.698096
    outer loop
      vertex -3.08703 42 4.74287
      vertex -3.075 39.6021 2.53227
      vertex -3.01785 42 4.77365
    endloop
  endfacet
  facet normal 0.310577 0.645177 0.698061
    outer loop
      vertex 1.29055 0.586897 5
      vertex 2.84654 2.55361 2.49
      vertex 1.28158 0.591215 5
    endloop
  endfacet
  facet normal 0.55983 -0.446421 0.698068
    outer loop
      vertex -39.1535 -2.55361 2.49
      vertex -40.7362 -0.613497 5
      vertex -39.6668 -3.19731 2.49
    endloop
  endfacet
  facet normal -0.654653 0.377967 0.654653
    outer loop
      vertex -2.84 -38 0
      vertex -2.95397 -38.1974 0
      vertex -2.15 -38 0.69
    endloop
  endfacet
  facet normal -0.707107 0 0.707107
    outer loop
      vertex 39.85 38 0.69
      vertex 39.16 33.325 0
      vertex 39.85 4 0.69
    endloop
  endfacet
  facet normal -0.55976 0.446578 0.698024
    outer loop
      vertex 41.6022 -39.7347 4.63811
      vertex 39.1535 -39.4464 2.49
      vertex 41.5696 -39.8562 4.6897
    endloop
  endfacet
  facet normal 0.310599 -0.64514 0.698085
    outer loop
      vertex -38.9775 41.8051 4.59144
      vertex -38.4117 39.8036 2.49
      vertex -38.8748 41.8326 4.57116
    endloop
  endfacet
  facet normal 0.31067 0.645119 0.698073
    outer loop
      vertex 3.58834 2.19638 2.49
      vertex 1.74763 0.36678 5
      vertex 2.99068 -4.55134e-17 4.78575
    endloop
  endfacet
  facet normal -0.559817 0.446429 0.698073
    outer loop
      vertex -2.84654 -39.4464 2.49
      vertex -1.28158 -41.4088 5
      vertex -0.0895451 -39.914 5
    endloop
  endfacet
  facet normal -0.698075 0.159326 0.698073
    outer loop
      vertex -0.0654339 2.13605 5
      vertex -2.33321 3.19731 2.49
      vertex -0.0710097 2.11162 5
    endloop
  endfacet
  facet normal -0.65465 0.377962 0.654659
    outer loop
      vertex 39.85 4 0.69
      vertex 39.0328 3.7797 0
      vertex 38.925 2.39785 0.69
    endloop
  endfacet
  facet normal 0.310659 -0.645125 0.698072
    outer loop
      vertex -39.0093 -4.55134e-17 4.78575
      vertex -40.2524 -0.36678 5
      vertex -39.1535 -2.55361 2.49
    endloop
  endfacet
  facet normal 0.197809 -0.608812 0.768257
    outer loop
      vertex 3.075 -2.39785 0.69
      vertex 3.14015 -3.24739 0
      vertex 3.22839 -3.21872 0
    endloop
  endfacet
  facet normal 0.710583 0.409986 0.571824
    outer loop
      vertex -38.925 2.39785 0.69
      vertex -38.8599 3.24739 0
      vertex -38.9738 3.4448 0
    endloop
  endfacet
  facet normal -0.310722 -0.645093 0.698074
    outer loop
      vertex 38.925 39.6021 2.53227
      vertex 38.9775 41.8051 4.59144
      vertex 38.4117 39.8036 2.49
    endloop
  endfacet
  facet normal -0.698073 -0.159332 0.698074
    outer loop
      vertex -2.15 -4 2.49
      vertex -0.0654339 -2.13605 5
      vertex -2.33321 -3.19731 2.49
    endloop
  endfacet
  facet normal 0 -0.798331 0.602219
    outer loop
      vertex 3.075 39.6021 0.69
      vertex 4.15267 39.0816 0
      vertex 8.5699 39.0816 0
    endloop
  endfacet
  facet normal 0.197812 -0.60881 0.768258
    outer loop
      vertex -38.925 -2.39785 0.69
      vertex -38.7716 -3.21872 0
      vertex -37.8473 -2.9184 0
    endloop
  endfacet
  facet normal -0.559821 0.446413 0.69808
    outer loop
      vertex 39.6668 3.19731 2.49
      vertex 39.1535 2.55361 2.49
      vertex 41.9105 2.08598 5
    endloop
  endfacet
  facet normal 0.698073 0.159323 0.698077
    outer loop
      vertex -39.85 4 2.49
      vertex -41.9346 2.13605 5
      vertex -39.6668 3.19731 2.49
    endloop
  endfacet
  facet normal 0.710353 -0.410134 0.572004
    outer loop
      vertex 2.15 38 0.69
      vertex 3.02617 38.5552 0
      vertex 3.075 39.6021 0.69
    endloop
  endfacet
  facet normal 0.197827 0.608826 0.768241
    outer loop
      vertex 4.15267 -39.0816 0
      vertex 3.14015 -38.7526 0
      vertex 3.075 -39.6021 0.69
    endloop
  endfacet
  facet normal -0.698073 0.159323 0.698077
    outer loop
      vertex 39.6668 3.19731 2.49
      vertex 41.9346 2.13605 5
      vertex 39.85 4 2.49
    endloop
  endfacet
  facet normal 0.624492 0 0.781031
    outer loop
      vertex 3.01296 -33.8573 0
      vertex 2.15 -38 0.69
      vertex 3.01296 -34.343 0
    endloop
  endfacet
  facet normal 0 -0.716024 0.698076
    outer loop
      vertex -3.08703 42 4.74287
      vertex -34.2636 42 4.74287
      vertex -3.58834 39.8036 2.49
    endloop
  endfacet
  facet normal 0.710352 0.410121 0.572014
    outer loop
      vertex 2.15 4 0.69
      vertex 3.075 2.39785 0.69
      vertex 3.02617 3.4448 0
    endloop
  endfacet
  facet normal -0.707107 0 0.707107
    outer loop
      vertex -2.15 4 0.69
      vertex -2.84 33.325 0
      vertex -2.84 4 0
    endloop
  endfacet
  facet normal -0.310669 0.645104 0.698087
    outer loop
      vertex -2.50925 2.36105e-16 5
      vertex -1.74763 0.36678 5
      vertex -2.99068 -3.89663e-18 4.78575
    endloop
  endfacet
  facet normal -0.654648 -0.377973 0.654654
    outer loop
      vertex 39.85 38 0.69
      vertex 38.925 39.6021 0.69
      vertex 39.0328 38.2203 0
    endloop
  endfacet
  facet normal 0.559814 -0.446434 0.698072
    outer loop
      vertex 2.84654 -2.55361 2.49
      vertex 1.26382 -0.613497 5
      vertex 2.33321 -3.19731 2.49
    endloop
  endfacet
  facet normal 0.559815 -0.446435 0.698071
    outer loop
      vertex 2.84654 39.4464 2.49
      vertex 1.26382 41.3865 5
      vertex 2.33321 38.8027 2.49
    endloop
  endfacet
  facet normal -0.698076 -0.159322 0.698074
    outer loop
      vertex 39.85 38 2.49
      vertex 41.6385 39.5992 4.64349
      vertex 39.6668 38.8027 2.49
    endloop
  endfacet
  facet normal 0.710327 0.410147 0.572026
    outer loop
      vertex 3.14015 -38.7526 0
      vertex 3.02617 -38.5552 0
      vertex 3.075 -39.6021 0.69
    endloop
  endfacet
  facet normal 0 -0.798303 0.602256
    outer loop
      vertex 38.925 -2.39785 0.69
      vertex 9.08204 -2.9184 0
      vertex 38.407 -2.9184 0
    endloop
  endfacet
  facet normal -0.557714 -0.405222 0.724397
    outer loop
      vertex 38.407 -2.9184 0
      vertex 39.0328 -3.7797 0
      vertex 38.925 -2.39785 0.69
    endloop
  endfacet
  facet normal 0.31066 0.645127 0.69807
    outer loop
      vertex -38.4117 2.19638 2.49
      vertex -40.2524 0.36678 5
      vertex -39.0093 -4.55134e-17 4.78575
    endloop
  endfacet
  facet normal 0.310838 0.645004 0.698104
    outer loop
      vertex -40.6927 0.578849 5
      vertex -38.925 2.39785 2.53227
      vertex -40.7094 0.586897 5
    endloop
  endfacet
  facet normal 0.310518 0.645215 0.698052
    outer loop
      vertex -38.925 -39.6021 2.53227
      vertex -39.1535 -39.4464 2.49
      vertex -40.4945 -41.1281 4.64093
    endloop
  endfacet
  facet normal -0.707107 0 0.707107
    outer loop
      vertex -2.15 38 0.69
      vertex -2.84 38 0
      vertex -2.84 33.8107 0
    endloop
  endfacet
  facet normal -0.654653 -0.377967 0.654653
    outer loop
      vertex -2.15 38 0.69
      vertex -2.95397 38.1974 0
      vertex -2.84 38 0
    endloop
  endfacet
  facet normal -0.698073 -0.159323 0.698077
    outer loop
      vertex 39.85 -4 2.49
      vertex 41.9346 -2.13605 5
      vertex 39.6668 -3.19731 2.49
    endloop
  endfacet
  facet normal 0.310698 0.645099 0.698079
    outer loop
      vertex 1.30726 0.578849 5
      vertex 3.075 2.39785 2.53227
      vertex 1.29055 0.586897 5
    endloop
  endfacet
  facet normal 0.698074 0.159327 0.698074
    outer loop
      vertex 2.15 -38 2.49
      vertex 0 -38 4.64
      vertex 0 -39.5773 5
    endloop
  endfacet
  facet normal -0.557738 0.405218 0.72438
    outer loop
      vertex -3.075 2.39785 0.69
      vertex -3.31317 3.3035 0
      vertex -3.59296 2.9184 0
    endloop
  endfacet
  facet normal 0.71034 -0.410127 0.572025
    outer loop
      vertex -39.85 38 0.69
      vertex -38.9738 38.5552 0
      vertex -38.925 39.6021 0.69
    endloop
  endfacet
  facet normal 0.559814 0.446434 0.698072
    outer loop
      vertex 2.33321 3.19731 2.49
      vertex 1.26382 0.613497 5
      vertex 2.84654 2.55361 2.49
    endloop
  endfacet
  facet normal 0 -0.798331 0.602219
    outer loop
      vertex -32.918 39.0816 0
      vertex -38.925 39.6021 0.69
      vertex -33.4301 39.0816 0
    endloop
  endfacet
  facet normal 0 -0.798331 0.602219
    outer loop
      vertex -3.075 39.6021 0.69
      vertex -32.918 39.0816 0
      vertex -3.59296 39.0816 0
    endloop
  endfacet
  facet normal -0.707107 0 0.707107
    outer loop
      vertex 42 -32.1154 4.64
      vertex 39.85 -38 2.49
      vertex 42 -38 4.64
    endloop
  endfacet
  facet normal -0.559832 -0.446422 0.698066
    outer loop
      vertex 39.1535 39.4464 2.49
      vertex 39.6668 38.8027 2.49
      vertex 40.5898 41.0328 4.6564
    endloop
  endfacet
  facet normal 0 -0.798303 0.602256
    outer loop
      vertex 3.075 -2.39785 0.69
      vertex 4.15267 -2.9184 0
      vertex 8.5699 -2.9184 0
    endloop
  endfacet
  facet normal 0.197684 -0.608841 0.768267
    outer loop
      vertex -38.8599 -3.24739 0
      vertex -38.7716 -3.21872 0
      vertex -38.925 -2.39785 0.69
    endloop
  endfacet
  facet normal 0.698076 0.15933 0.698072
    outer loop
      vertex 2.15 -38 2.49
      vertex 0.0654339 -39.8639 5
      vertex 2.33321 -38.8027 2.49
    endloop
  endfacet
  facet normal 0.624474 0 0.781045
    outer loop
      vertex -38.987 -33.8573 0
      vertex -39.85 -38 0.69
      vertex -38.987 -34.343 0
    endloop
  endfacet
  facet normal 0.197814 -0.608842 0.768232
    outer loop
      vertex 3.075 39.6021 0.69
      vertex 3.22839 38.7813 0
      vertex 4.15267 39.0816 0
    endloop
  endfacet
  facet normal 0.71034 0.410114 0.572035
    outer loop
      vertex -39.85 4 0.69
      vertex -38.925 2.39785 0.69
      vertex -38.9738 3.4448 0
    endloop
  endfacet
  facet normal 0.310866 -0.645064 0.698036
    outer loop
      vertex 2.99068 42 4.78575
      vertex 3.075 39.6021 2.53227
      vertex 3.01785 42 4.77365
    endloop
  endfacet
  facet normal 0 0.798303 0.602256
    outer loop
      vertex -33.4301 2.9184 0
      vertex -37.8473 2.9184 0
      vertex -38.925 2.39785 0.69
    endloop
  endfacet
  facet normal -0.55775 0.405227 0.724366
    outer loop
      vertex -3.075 -39.6021 0.69
      vertex -3.31317 -38.6965 0
      vertex -3.59296 -39.0816 0
    endloop
  endfacet
  facet normal 0.197803 0.60882 0.768252
    outer loop
      vertex -38.925 2.39785 0.69
      vertex -37.8473 2.9184 0
      vertex -38.8599 3.24739 0
    endloop
  endfacet
  facet normal 0.624492 -0 0.781031
    outer loop
      vertex 3.01296 8.14269 0
      vertex 3.01296 38.5323 0
      vertex 2.15 38 0.69
    endloop
  endfacet
  facet normal 0.698028 -0.159338 0.698117
    outer loop
      vertex -42 38.25 4.69706
      vertex -42 38 4.64
      vertex -41.9691 38.3653 4.69248
    endloop
  endfacet
  facet normal 0.698073 -0.159336 0.698073
    outer loop
      vertex -41.9691 38.3653 4.69248
      vertex -42 38 4.64
      vertex -39.85 38 2.49
    endloop
  endfacet
  facet normal 0.698076 -0.15932 0.698074
    outer loop
      vertex -39.85 38 2.49
      vertex -41.6385 39.5992 4.64349
      vertex -41.9691 38.3653 4.69248
    endloop
  endfacet
  facet normal 0.710334 -0.410131 0.57203
    outer loop
      vertex 3.02617 -3.4448 0
      vertex 3.14015 -3.24739 0
      vertex 3.075 -2.39785 0.69
    endloop
  endfacet
  facet normal 0.624492 -0 0.781031
    outer loop
      vertex 3.01296 -38.5323 0
      vertex 3.01296 -34.343 0
      vertex 2.15 -38 0.69
    endloop
  endfacet
  facet normal 0.559832 0.446422 0.698066
    outer loop
      vertex -39.1535 -39.4464 2.49
      vertex -39.6668 -38.8027 2.49
      vertex -40.5898 -41.0328 4.6564
    endloop
  endfacet
  facet normal 0 0.716024 0.698076
    outer loop
      vertex 3.58834 -39.8036 2.49
      vertex 3.08703 -42 4.74287
      vertex 34.2636 -42 4.74287
    endloop
  endfacet
  facet normal 0.698073 -0.159332 0.698074
    outer loop
      vertex 2.33321 -3.19731 2.49
      vertex 0.0654339 -2.13605 5
      vertex 2.15 -4 2.49
    endloop
  endfacet
  facet normal 0.698073 0.159332 0.698074
    outer loop
      vertex 2.33321 3.19731 2.49
      vertex 2.15 4 2.49
      vertex 0.0654339 2.13605 5
    endloop
  endfacet
  facet normal 0.559812 0.446436 0.698073
    outer loop
      vertex 2.33321 3.19731 2.49
      vertex 0.0717757 2.10827 5
      vertex 1.26382 0.613497 5
    endloop
  endfacet
  facet normal -0.559815 -0.446435 0.698071
    outer loop
      vertex -2.84654 39.4464 2.49
      vertex -2.33321 38.8027 2.49
      vertex -1.26382 41.3865 5
    endloop
  endfacet
  facet normal 0.710583 -0.409986 0.571824
    outer loop
      vertex -38.925 -2.39785 0.69
      vertex -38.9738 -3.4448 0
      vertex -38.8599 -3.24739 0
    endloop
  endfacet
  facet normal 0.697981 0.159598 0.698106
    outer loop
      vertex 0.0710097 2.11162 5
      vertex 0.0717757 2.10827 5
      vertex 2.33321 3.19731 2.49
    endloop
  endfacet
  facet normal 0 0.798303 0.602256
    outer loop
      vertex -3.59296 2.9184 0
      vertex -32.918 2.9184 0
      vertex -3.075 2.39785 0.69
    endloop
  endfacet
  facet normal 0 0.798303 0.602256
    outer loop
      vertex -3.075 2.39785 0.69
      vertex -32.918 2.9184 0
      vertex -38.925 2.39785 0.69
    endloop
  endfacet
  facet normal -0.697981 -0.159598 0.698106
    outer loop
      vertex -0.0710097 -2.11162 5
      vertex -0.0717757 -2.10827 5
      vertex -2.33321 -3.19731 2.49
    endloop
  endfacet
  facet normal 0 -0.798303 0.602256
    outer loop
      vertex -38.925 -2.39785 0.69
      vertex -32.918 -2.9184 0
      vertex -3.075 -2.39785 0.69
    endloop
  endfacet
  facet normal -0.698074 -0.159331 0.698074
    outer loop
      vertex -2.15 -4 2.49
      vertex 0 -4 4.64
      vertex 0 -2.42274 5
    endloop
  endfacet
  facet normal 0.697596 -0.160713 0.698234
    outer loop
      vertex -41.9346 -2.13605 5
      vertex -39.6668 -3.19731 2.49
      vertex -41.9282 -2.10827 5
    endloop
  endfacet
  facet normal -0.654654 0.377964 0.654654
    outer loop
      vertex -2.15 4 0.69
      vertex -2.96719 3.7797 0
      vertex -3.075 2.39785 0.69
    endloop
  endfacet
  facet normal 0.310718 0.645079 0.698088
    outer loop
      vertex -38.925 -39.6021 2.53227
      vertex -40.4053 -41.2173 4.6837
      vertex -38.4117 -39.8036 2.49
    endloop
  endfacet
  facet normal -0.654658 0.377951 0.654658
    outer loop
      vertex -2.84 4 0
      vertex -2.95397 3.80259 0
      vertex -2.15 4 0.69
    endloop
  endfacet
  facet normal -0.310556 0.645192 0.698056
    outer loop
      vertex -2.84654 -39.4464 2.49
      vertex -3.075 -39.6021 2.53227
      vertex -1.29055 -41.4131 5
    endloop
  endfacet
  facet normal 0.698109 0.159253 0.698056
    outer loop
      vertex -42 2.42274 5
      vertex -41.9346 2.13605 5
      vertex -39.85 4 2.49
    endloop
  endfacet
  facet normal 0.698074 0.159331 0.698074
    outer loop
      vertex -42 4 4.64
      vertex -42 2.42274 5
      vertex -39.85 4 2.49
    endloop
  endfacet
  facet normal 0.698076 -0.15933 0.698072
    outer loop
      vertex 2.33321 38.8027 2.49
      vertex 0.0654339 39.8639 5
      vertex 2.15 38 2.49
    endloop
  endfacet
  facet normal -0.559807 0.446446 0.69807
    outer loop
      vertex -2.84654 2.55361 2.49
      vertex -0.0895451 2.08598 5
      vertex -0.0875673 2.08846 5
    endloop
  endfacet
  facet normal 0.710327 -0.410147 0.572026
    outer loop
      vertex 3.02617 38.5552 0
      vertex 3.14015 38.7526 0
      vertex 3.075 39.6021 0.69
    endloop
  endfacet
  facet normal 0.310654 0.645121 0.698078
    outer loop
      vertex 3.58834 -39.8036 2.49
      vertex 1.30726 -41.4212 5
      vertex 3.08703 -42 4.74287
    endloop
  endfacet
  facet normal 0.310658 0.645141 0.698058
    outer loop
      vertex 1.30726 -41.4212 5
      vertex 2.50925 -42 5
      vertex 3.08703 -42 4.74287
    endloop
  endfacet
  facet normal 0.624492 -0 0.781031
    outer loop
      vertex 3.01296 5.71249 0
      vertex 3.01296 7.65697 0
      vertex 2.15 4 0.69
    endloop
  endfacet
  facet normal 0.624492 -0 0.781031
    outer loop
      vertex 3.01296 4.38555 0
      vertex 3.01296 5.71249 0
      vertex 2.15 4 0.69
    endloop
  endfacet
  facet normal 0.624492 -0 0.781031
    outer loop
      vertex 3.01296 3.46769 0
      vertex 3.01296 4.38555 0
      vertex 2.15 4 0.69
    endloop
  endfacet
  facet normal 0 0.798331 0.602219
    outer loop
      vertex -3.59296 -39.0816 0
      vertex -32.918 -39.0816 0
      vertex -3.075 -39.6021 0.69
    endloop
  endfacet
  facet normal -0.31067 0.645119 0.698073
    outer loop
      vertex -3.58834 2.19638 2.49
      vertex -1.30726 0.578849 5
      vertex -3.075 2.39785 2.53227
    endloop
  endfacet
  facet normal 0.19801 -0.608795 0.768219
    outer loop
      vertex 3.075 39.6021 0.69
      vertex 3.14015 38.7526 0
      vertex 3.22839 38.7813 0
    endloop
  endfacet
  facet normal -0.707107 0 0.707107
    outer loop
      vertex -2.84 -4 0
      vertex -2.84 -8.18929 0
      vertex -2.15 -4 0.69
    endloop
  endfacet
  facet normal -0.310697 0.645085 0.698093
    outer loop
      vertex -3.58834 -39.8036 2.49
      vertex -1.30726 -41.4212 5
      vertex -3.075 -39.6021 2.53227
    endloop
  endfacet
  facet normal 0 -0.798303 0.602256
    outer loop
      vertex -37.8473 -2.9184 0
      vertex -33.4301 -2.9184 0
      vertex -38.925 -2.39785 0.69
    endloop
  endfacet
  facet normal 0.6972 -0.161835 0.698371
    outer loop
      vertex 0.0717757 39.8917 5
      vertex 0.0710097 39.8884 5
      vertex 2.33321 38.8027 2.49
    endloop
  endfacet
  facet normal 0.698074 0.159331 0.698074
    outer loop
      vertex 0 4 4.64
      vertex 0 2.42274 5
      vertex 2.15 4 2.49
    endloop
  endfacet
  facet normal 0.71034 -0.410114 0.572035
    outer loop
      vertex -39.85 -4 0.69
      vertex -38.9738 -3.4448 0
      vertex -38.925 -2.39785 0.69
    endloop
  endfacet
  facet normal 0 0.716024 0.698076
    outer loop
      vertex -3.58834 -39.8036 2.49
      vertex -38.4117 -39.8036 2.49
      vertex -7.73638 -42 4.74287
    endloop
  endfacet
  facet normal -0.31067 0.645119 0.698073
    outer loop
      vertex -3.58834 2.19638 2.49
      vertex -2.99068 -3.89663e-18 4.78575
      vertex -1.74763 0.36678 5
    endloop
  endfacet
  facet normal -0.31067 0.645119 0.698073
    outer loop
      vertex -3.58834 2.19638 2.49
      vertex -1.74763 0.36678 5
      vertex -1.58919 0.44308 5
    endloop
  endfacet
  facet normal -0.31067 0.645119 0.698073
    outer loop
      vertex -3.58834 2.19638 2.49
      vertex -1.58919 0.44308 5
      vertex -1.30726 0.578849 5
    endloop
  endfacet
  facet normal 0.310638 0.645145 0.698063
    outer loop
      vertex -39.1535 2.55361 2.49
      vertex -40.7094 0.586897 5
      vertex -38.925 2.39785 2.53227
    endloop
  endfacet
  facet normal -0.310518 0.645215 0.698052
    outer loop
      vertex 38.925 -39.6021 2.53227
      vertex 40.4945 -41.1281 4.64093
      vertex 39.1535 -39.4464 2.49
    endloop
  endfacet
  facet normal 0.698076 -0.159322 0.698074
    outer loop
      vertex -39.6668 38.8027 2.49
      vertex -41.6385 39.5992 4.64349
      vertex -39.85 38 2.49
    endloop
  endfacet
  facet normal 0.624474 0 0.781045
    outer loop
      vertex -39.85 -4 0.69
      vertex -38.987 -33.8573 0
      vertex -38.987 -3.46769 0
    endloop
  endfacet
  facet normal 0 -0.798331 0.602219
    outer loop
      vertex 9.08204 39.0816 0
      vertex 3.075 39.6021 0.69
      vertex 8.5699 39.0816 0
    endloop
  endfacet
  facet normal -0.654654 -0.377964 0.654654
    outer loop
      vertex -3.075 -2.39785 0.69
      vertex -2.96719 -3.7797 0
      vertex -2.15 -4 0.69
    endloop
  endfacet
  facet normal 0 0.798331 0.602219
    outer loop
      vertex 38.925 -39.6021 0.69
      vertex 9.08204 -39.0816 0
      vertex 3.075 -39.6021 0.69
    endloop
  endfacet
  facet normal 0.697981 -0.159598 0.698106
    outer loop
      vertex 2.33321 -3.19731 2.49
      vertex 0.0717757 -2.10827 5
      vertex 0.0710097 -2.11162 5
    endloop
  endfacet
  facet normal -0.559813 0.446433 0.698074
    outer loop
      vertex -2.84654 2.55361 2.49
      vertex -0.0875673 2.08846 5
      vertex -2.33321 3.19731 2.49
    endloop
  endfacet
  facet normal 0.710576 0.410003 0.571821
    outer loop
      vertex -38.925 -39.6021 0.69
      vertex -38.8599 -38.7526 0
      vertex -38.9738 -38.5552 0
    endloop
  endfacet
  facet normal 0 0.798331 0.602219
    outer loop
      vertex 38.925 -39.6021 0.69
      vertex 38.407 -39.0816 0
      vertex 9.08204 -39.0816 0
    endloop
  endfacet
  facet normal -0.698074 -0.159327 0.698074
    outer loop
      vertex 0 38 4.64
      vertex 0 39.5773 5
      vertex -2.15 38 2.49
    endloop
  endfacet
  facet normal 0.707107 0 0.707107
    outer loop
      vertex -42 32.742 4.64
      vertex -42 9.88461 4.64
      vertex -39.85 38 2.49
    endloop
  endfacet
  facet normal 0.707107 0 0.707107
    outer loop
      vertex -42 38 4.64
      vertex -42 32.742 4.64
      vertex -39.85 38 2.49
    endloop
  endfacet
  facet normal -0.65465 -0.377962 0.654659
    outer loop
      vertex 38.925 -2.39785 0.69
      vertex 39.0328 -3.7797 0
      vertex 39.85 -4 0.69
    endloop
  endfacet
  facet normal 0.707107 0 0.707107
    outer loop
      vertex -39.85 -4 2.49
      vertex -42 -32.1154 4.64
      vertex -39.85 -38 2.49
    endloop
  endfacet
  facet normal 0.707107 0 0.707107
    outer loop
      vertex -42 -4 4.64
      vertex -42 -32.1154 4.64
      vertex -39.85 -4 2.49
    endloop
  endfacet
  facet normal -0.654653 -0.377975 0.654649
    outer loop
      vertex -3.075 39.6021 0.69
      vertex -2.96719 38.2203 0
      vertex -2.15 38 0.69
    endloop
  endfacet
  facet normal -0.310718 0.645079 0.698088
    outer loop
      vertex 38.4117 -39.8036 2.49
      vertex 40.4053 -41.2173 4.6837
      vertex 38.925 -39.6021 2.53227
    endloop
  endfacet
  facet normal 0.55983 0.446421 0.698068
    outer loop
      vertex -39.6668 3.19731 2.49
      vertex -40.7362 0.613497 5
      vertex -39.1535 2.55361 2.49
    endloop
  endfacet
  facet normal 0.698053 -0.159373 0.698085
    outer loop
      vertex 0 39.5773 5
      vertex 2.15 38 2.49
      vertex 0.0654339 39.8639 5
    endloop
  endfacet
  facet normal 0.71034 0.410127 0.572025
    outer loop
      vertex -39.85 -38 0.69
      vertex -38.925 -39.6021 0.69
      vertex -38.9738 -38.5552 0
    endloop
  endfacet
  facet normal 0.559787 -0.44647 0.698071
    outer loop
      vertex -40.5898 41.0328 4.6564
      vertex -39.1535 39.4464 2.49
      vertex -40.4945 41.1281 4.64093
    endloop
  endfacet
  facet normal 0 0.798331 0.602219
    outer loop
      vertex -38.925 -39.6021 0.69
      vertex -33.4301 -39.0816 0
      vertex -37.8473 -39.0816 0
    endloop
  endfacet
  facet normal 0 0.798303 0.602256
    outer loop
      vertex 38.925 2.39785 0.69
      vertex 9.08204 2.9184 0
      vertex 3.075 2.39785 0.69
    endloop
  endfacet
  facet normal -0.310654 0.645121 0.698078
    outer loop
      vertex -3.58834 -39.8036 2.49
      vertex -3.08703 -42 4.74287
      vertex -1.30726 -41.4212 5
    endloop
  endfacet
  facet normal 0.710576 -0.410003 0.571821
    outer loop
      vertex -38.9738 38.5552 0
      vertex -38.8599 38.7526 0
      vertex -38.925 39.6021 0.69
    endloop
  endfacet
  facet normal -0.707107 0 0.707107
    outer loop
      vertex 39.85 -4 0.69
      vertex 39.16 -4 0
      vertex 39.16 -8.18929 0
    endloop
  endfacet
  facet normal -0.707107 0 0.707107
    outer loop
      vertex -2.15 38 0.69
      vertex -2.84 33.325 0
      vertex -2.15 4 0.69
    endloop
  endfacet
  facet normal -0.698083 0.159297 0.698072
    outer loop
      vertex 41.6385 -39.5992 4.64349
      vertex 39.6668 -38.8027 2.49
      vertex 41.6022 -39.7347 4.63811
    endloop
  endfacet
  facet normal 0.698076 0.159322 0.698074
    outer loop
      vertex -39.85 -38 2.49
      vertex -41.6385 -39.5992 4.64349
      vertex -39.6668 -38.8027 2.49
    endloop
  endfacet
  facet normal 0 0.798303 0.602256
    outer loop
      vertex 38.407 2.9184 0
      vertex 9.08204 2.9184 0
      vertex 38.925 2.39785 0.69
    endloop
  endfacet
  facet normal -0.707107 0 0.707107
    outer loop
      vertex -2.84 -8.675 0
      vertex -2.15 -4 0.69
      vertex -2.84 -8.18929 0
    endloop
  endfacet
  facet normal -0.65466 -0.377944 0.65466
    outer loop
      vertex -2.90026 -3.89562 0
      vertex -2.84 -4 0
      vertex -2.15 -4 0.69
    endloop
  endfacet
  facet normal -0.654656 -0.37796 0.654654
    outer loop
      vertex -2.95397 -3.80259 0
      vertex -2.90026 -3.89562 0
      vertex -2.15 -4 0.69
    endloop
  endfacet
  facet normal 0.624492 -0 0.781031
    outer loop
      vertex 2.15 4 0.69
      vertex 3.01296 8.14269 0
      vertex 2.15 38 0.69
    endloop
  endfacet
  facet normal -0.707107 0 0.707107
    outer loop
      vertex -2.15 -38 0.69
      vertex -2.84 -8.675 0
      vertex -2.84 -38 0
    endloop
  endfacet
  facet normal 0.710334 0.410131 0.57203
    outer loop
      vertex 3.075 2.39785 0.69
      vertex 3.14015 3.24739 0
      vertex 3.02617 3.4448 0
    endloop
  endfacet
  facet normal -0.557748 0.405228 0.724367
    outer loop
      vertex -3.075 -39.6021 0.69
      vertex -2.96719 -38.2203 0
      vertex -3.31317 -38.6965 0
    endloop
  endfacet
  facet normal -0.654628 -0.378053 0.654628
    outer loop
      vertex 39.046 38.1974 0
      vertex 39.16 38 0
      vertex 39.85 38 0.69
    endloop
  endfacet
  facet normal 0.710353 0.410134 0.572004
    outer loop
      vertex 3.075 -39.6021 0.69
      vertex 3.02617 -38.5552 0
      vertex 2.15 -38 0.69
    endloop
  endfacet
  facet normal -0.698075 0.159328 0.698073
    outer loop
      vertex 0 2.42274 5
      vertex -2.15 4 2.49
      vertex -0.0654339 2.13605 5
    endloop
  endfacet
  facet normal -0.557726 -0.40523 0.724383
    outer loop
      vertex 38.925 39.6021 0.69
      vertex 38.407 39.0816 0
      vertex 39.0328 38.2203 0
    endloop
  endfacet
  facet normal -0.698074 0.159331 0.698074
    outer loop
      vertex 42 2.42274 5
      vertex 42 4 4.64
      vertex 39.85 4 2.49
    endloop
  endfacet
  facet normal -0.698109 0.159253 0.698056
    outer loop
      vertex 41.9346 2.13605 5
      vertex 42 2.42274 5
      vertex 39.85 4 2.49
    endloop
  endfacet
  facet normal 0 -0.798331 0.602219
    outer loop
      vertex 38.925 39.6021 0.69
      vertex 37.709 39.0816 0
      vertex 38.407 39.0816 0
    endloop
  endfacet
  facet normal 0 -0.798331 0.602219
    outer loop
      vertex 9.08204 39.0816 0
      vertex 35.4161 39.0816 0
      vertex 38.925 39.6021 0.69
    endloop
  endfacet
  facet normal 0 -0.798331 0.602219
    outer loop
      vertex 35.4161 39.0816 0
      vertex 37.709 39.0816 0
      vertex 38.925 39.6021 0.69
    endloop
  endfacet
  facet normal -0.654633 0.378036 0.654633
    outer loop
      vertex 39.16 4 0
      vertex 39.046 3.80259 0
      vertex 39.85 4 0.69
    endloop
  endfacet
  facet normal 0.559811 -0.446437 0.698073
    outer loop
      vertex -39.6668 38.8027 2.49
      vertex -40.5898 41.0328 4.6564
      vertex -41.6022 39.7347 4.63811
    endloop
  endfacet
  facet normal 0.559819 -0.446444 0.698062
    outer loop
      vertex -40.5898 41.0328 4.6564
      vertex -41.4976 40.125 4.80384
      vertex -41.6022 39.7347 4.63811
    endloop
  endfacet
  facet normal -0.559822 -0.446427 0.698071
    outer loop
      vertex 39.6668 -3.19731 2.49
      vertex 41.9282 -2.10827 5
      vertex 40.7362 -0.613497 5
    endloop
  endfacet
  facet normal 0 0.798303 0.602256
    outer loop
      vertex 3.075 2.39785 0.69
      vertex 4.35913 2.9184 0
      vertex 4.15267 2.9184 0
    endloop
  endfacet
  facet normal 0 0.798303 0.602256
    outer loop
      vertex 8.5699 2.9184 0
      vertex 4.35913 2.9184 0
      vertex 3.075 2.39785 0.69
    endloop
  endfacet
  facet normal 0.559811 0.446437 0.698073
    outer loop
      vertex -39.6668 -38.8027 2.49
      vertex -41.6022 -39.7347 4.63811
      vertex -40.5898 -41.0328 4.6564
    endloop
  endfacet
  facet normal 0.624474 0 0.781045
    outer loop
      vertex -39.85 -38 0.69
      vertex -38.987 -37.5396 0
      vertex -38.987 -34.343 0
    endloop
  endfacet
  facet normal 0.624474 0 0.781045
    outer loop
      vertex -38.987 -37.6144 0
      vertex -39.85 -38 0.69
      vertex -38.987 -37.6975 0
    endloop
  endfacet
  facet normal 0.624474 0 0.781045
    outer loop
      vertex -38.987 -37.5396 0
      vertex -39.85 -38 0.69
      vertex -38.987 -37.6144 0
    endloop
  endfacet
  facet normal 0.624474 0 0.781045
    outer loop
      vertex -38.987 -37.6975 0
      vertex -39.85 -38 0.69
      vertex -38.987 -37.7685 0
    endloop
  endfacet
  facet normal -0.310661 -0.645125 0.698071
    outer loop
      vertex 39.1535 39.4464 2.49
      vertex 40.4945 41.1281 4.64093
      vertex 39.021 41.7934 4.60002
    endloop
  endfacet
  facet normal -0.310684 -0.645308 0.697892
    outer loop
      vertex 40.125 41.4976 4.81798
      vertex 39.021 41.7934 4.60002
      vertex 40.1825 41.4401 4.79041
    endloop
  endfacet
  facet normal 0.310661 -0.645125 0.698071
    outer loop
      vertex -39.021 41.7934 4.60002
      vertex -40.4945 41.1281 4.64093
      vertex -39.1535 39.4464 2.49
    endloop
  endfacet
  facet normal 0.310075 -0.644794 0.698637
    outer loop
      vertex -40.0513 41.5173 4.80343
      vertex -40.1825 41.4401 4.79041
      vertex -40.4945 41.1281 4.64093
    endloop
  endfacet
  facet normal 0.310704 -0.645227 0.697958
    outer loop
      vertex -40.4945 41.1281 4.64093
      vertex -39.021 41.7934 4.60002
      vertex -40.0513 41.5173 4.80343
    endloop
  endfacet
  facet normal 0.310286 -0.645091 0.698269
    outer loop
      vertex -40.1825 41.4401 4.79041
      vertex -40.0513 41.5173 4.80343
      vertex -40.125 41.4976 4.81798
    endloop
  endfacet
  facet normal -0.310664 -0.645163 0.698034
    outer loop
      vertex 39.0093 -3.89663e-18 4.78575
      vertex 40.2524 -0.36678 5
      vertex 39.4907 2.36105e-16 5
    endloop
  endfacet
  facet normal 0.312191 0.644038 0.698392
    outer loop
      vertex 1.30726 -41.4212 5
      vertex 3.075 -39.6021 2.53227
      vertex 1.29055 -41.4131 5
    endloop
  endfacet
  facet normal 0 0.716024 0.698076
    outer loop
      vertex -38.4117 -39.8036 2.49
      vertex -38.25 -42 4.74287
      vertex -7.73638 -42 4.74287
    endloop
  endfacet
  facet normal -6.3228e-05 0.716021 0.698078
    outer loop
      vertex -38.25 -42 4.74287
      vertex -38.4117 -39.8036 2.49
      vertex -38.3575 -41.9712 4.71332
    endloop
  endfacet
  facet normal 0.624474 0 0.781045
    outer loop
      vertex -38.987 8.14269 0
      vertex -39.85 4 0.69
      vertex -38.987 7.65697 0
    endloop
  endfacet
  facet normal -0.698074 0.159328 0.698074
    outer loop
      vertex 39.85 -38 2.49
      vertex 42 -38.25 4.69706
      vertex 42 -38 4.64
    endloop
  endfacet
  facet normal -0.698075 0.159323 0.698074
    outer loop
      vertex 41.6385 -39.5992 4.64349
      vertex 42 -38.25 4.69706
      vertex 39.85 -38 2.49
    endloop
  endfacet
  facet normal 0.197817 -0.60881 0.768257
    outer loop
      vertex 3.22839 -3.21872 0
      vertex 4.15267 -2.9184 0
      vertex 3.075 -2.39785 0.69
    endloop
  endfacet
  facet normal 0.698076 0.15932 0.698074
    outer loop
      vertex -41.9691 -38.3653 4.69248
      vertex -41.6385 -39.5992 4.64349
      vertex -39.85 -38 2.49
    endloop
  endfacet
  facet normal 0.698073 0.159336 0.698073
    outer loop
      vertex -42 -38 4.64
      vertex -41.9691 -38.3653 4.69248
      vertex -39.85 -38 2.49
    endloop
  endfacet
  facet normal 0.698028 0.159338 0.698117
    outer loop
      vertex -42 -38.25 4.69706
      vertex -41.9691 -38.3653 4.69248
      vertex -42 -38 4.64
    endloop
  endfacet
  facet normal 0.310682 0.645111 0.698075
    outer loop
      vertex -38.4117 -39.8036 2.49
      vertex -40.4053 -41.2173 4.6837
      vertex -38.8748 -41.8326 4.57116
    endloop
  endfacet
  facet normal 0.310695 0.645314 0.697881
    outer loop
      vertex -40.125 -41.4976 4.81798
      vertex -38.8748 -41.8326 4.57116
      vertex -40.1825 -41.4401 4.79041
    endloop
  endfacet
  facet normal 0.624492 -0 0.781031
    outer loop
      vertex 3.01296 -33.8573 0
      vertex 3.01296 -3.46769 0
      vertex 2.15 -4 0.69
    endloop
  endfacet
  facet normal -0.698109 -0.159253 0.698056
    outer loop
      vertex 39.85 -4 2.49
      vertex 42 -2.42274 5
      vertex 41.9346 -2.13605 5
    endloop
  endfacet
  facet normal -0.559811 -0.446437 0.698073
    outer loop
      vertex 41.6022 39.7347 4.63811
      vertex 40.5898 41.0328 4.6564
      vertex 39.6668 38.8027 2.49
    endloop
  endfacet
  facet normal -0.559819 -0.446444 0.698062
    outer loop
      vertex 41.6022 39.7347 4.63811
      vertex 41.4976 40.125 4.80384
      vertex 40.5898 41.0328 4.6564
    endloop
  endfacet
  facet normal 0.31064 -0.645137 0.69807
    outer loop
      vertex 1.466 41.4976 5
      vertex 1.28158 41.4088 5
      vertex 2.84654 39.4464 2.49
    endloop
  endfacet
  facet normal 0.310666 -0.645122 0.698072
    outer loop
      vertex 2.84654 39.4464 2.49
      vertex 2.02709 41.7678 5
      vertex 1.466 41.4976 5
    endloop
  endfacet
  facet normal 0.31067 -0.64512 0.698072
    outer loop
      vertex 2.02709 41.7678 5
      vertex 2.84654 39.4464 2.49
      vertex 2.99068 42 4.78575
    endloop
  endfacet
  facet normal 0.31067 -0.645101 0.69809
    outer loop
      vertex 2.50925 42 5
      vertex 2.02709 41.7678 5
      vertex 2.99068 42 4.78575
    endloop
  endfacet
  facet normal 0.197814 0.608836 0.768237
    outer loop
      vertex -37.8473 -39.0816 0
      vertex -38.8599 -38.7526 0
      vertex -38.925 -39.6021 0.69
    endloop
  endfacet
  facet normal 0.698074 -0.159331 0.698074
    outer loop
      vertex -39.85 -4 2.49
      vertex -42 -2.42274 5
      vertex -42 -4 4.64
    endloop
  endfacet
  facet normal 0.698109 -0.159253 0.698056
    outer loop
      vertex -41.9346 -2.13605 5
      vertex -42 -2.42274 5
      vertex -39.85 -4 2.49
    endloop
  endfacet
  facet normal -0.559812 -0.446436 0.698073
    outer loop
      vertex -2.33321 -3.19731 2.49
      vertex -0.0717757 -2.10827 5
      vertex -1.26382 -0.613497 5
    endloop
  endfacet
  facet normal -0.698076 -0.15932 0.698074
    outer loop
      vertex 39.85 38 2.49
      vertex 41.9691 38.3653 4.69248
      vertex 41.6385 39.5992 4.64349
    endloop
  endfacet
  facet normal -0.698028 -0.159338 0.698117
    outer loop
      vertex 42 38.25 4.69706
      vertex 41.9691 38.3653 4.69248
      vertex 42 38 4.64
    endloop
  endfacet
  facet normal 0.31067 -0.645119 0.698073
    outer loop
      vertex 2.84654 -2.55361 2.49
      vertex 2.99068 -4.55134e-17 4.78575
      vertex 1.74763 -0.36678 5
    endloop
  endfacet
  facet normal 0.310638 -0.645135 0.698073
    outer loop
      vertex 2.84654 -2.55361 2.49
      vertex 1.74763 -0.36678 5
      vertex 1.74206 -0.369462 5
    endloop
  endfacet
  facet normal 0.310669 -0.645119 0.698073
    outer loop
      vertex 2.84654 -2.55361 2.49
      vertex 1.74206 -0.369462 5
      vertex 1.28158 -0.591215 5
    endloop
  endfacet
  facet normal 0.559812 -0.446435 0.698073
    outer loop
      vertex 0.408867 -1.68557 5
      vertex 0.0717757 -2.10827 5
      vertex 2.33321 -3.19731 2.49
    endloop
  endfacet
  facet normal 0.559813 -0.446434 0.698073
    outer loop
      vertex 0.960712 -0.993576 5
      vertex 0.408867 -1.68557 5
      vertex 2.33321 -3.19731 2.49
    endloop
  endfacet
  facet normal 0.559807 -0.446439 0.698075
    outer loop
      vertex 2.33321 -3.19731 2.49
      vertex 1.26382 -0.613497 5
      vertex 0.960712 -0.993576 5
    endloop
  endfacet
  facet normal 0 -0.798303 0.602256
    outer loop
      vertex -3.075 -2.39785 0.69
      vertex -4.291 -2.9184 0
      vertex -3.59296 -2.9184 0
    endloop
  endfacet
  facet normal 0 -0.798303 0.602256
    outer loop
      vertex -32.918 -2.9184 0
      vertex -5.36808 -2.9184 0
      vertex -3.075 -2.39785 0.69
    endloop
  endfacet
  facet normal 0 -0.798303 0.602256
    outer loop
      vertex -5.36808 -2.9184 0
      vertex -4.291 -2.9184 0
      vertex -3.075 -2.39785 0.69
    endloop
  endfacet
  facet normal -0.310516 -0.645149 0.698114
    outer loop
      vertex -2.84654 39.4464 2.49
      vertex -2.99068 42 4.78575
      vertex -3.075 39.6021 2.53227
    endloop
  endfacet
  facet normal -0.559818 -0.446433 0.69807
    outer loop
      vertex -2.33321 38.8027 2.49
      vertex -0.825376 40.8367 5
      vertex -1.26382 41.3865 5
    endloop
  endfacet
  facet normal -0.559885 -0.446327 0.698084
    outer loop
      vertex -0.0898716 39.9144 5
      vertex -2.33321 38.8027 2.49
      vertex -0.0717757 39.8917 5
    endloop
  endfacet
  facet normal -0 0.716024 0.698076
    outer loop
      vertex 3.58834 -39.8036 2.49
      vertex 34.2636 -42 4.74287
      vertex 38.4117 -39.8036 2.49
    endloop
  endfacet
  facet normal 0 0.716024 0.698076
    outer loop
      vertex 38.4117 -39.8036 2.49
      vertex 34.2636 -42 4.74287
      vertex 34.3159 -42 4.74287
    endloop
  endfacet
  facet normal 0 0.716024 0.698076
    outer loop
      vertex 38.4117 -39.8036 2.49
      vertex 34.3159 -42 4.74287
      vertex 38.25 -42 4.74287
    endloop
  endfacet
  facet normal -3.8458e-06 0.716022 0.698077
    outer loop
      vertex 38.8748 -41.8326 4.57116
      vertex 38.4117 -39.8036 2.49
      vertex 38.3575 -41.9712 4.71332
    endloop
  endfacet
  facet normal 0.197832 0.608808 0.768255
    outer loop
      vertex 3.30356 3.19429 0
      vertex 3.14015 3.24739 0
      vertex 3.075 2.39785 0.69
    endloop
  endfacet
  facet normal 0.197814 0.608814 0.768255
    outer loop
      vertex 4.15267 2.9184 0
      vertex 3.30356 3.19429 0
      vertex 3.075 2.39785 0.69
    endloop
  endfacet
  facet normal 0.559804 -0.446454 0.698067
    outer loop
      vertex 2.33321 38.8027 2.49
      vertex 0.0843765 39.9075 5
      vertex 0.0717757 39.8917 5
    endloop
  endfacet
  facet normal 0.559822 -0.44643 0.698069
    outer loop
      vertex 1.26382 41.3865 5
      vertex 0.803532 40.8093 5
      vertex 2.33321 38.8027 2.49
    endloop
  endfacet
  facet normal 0.559816 -0.446435 0.69807
    outer loop
      vertex 0.803532 40.8093 5
      vertex 0.0843765 39.9075 5
      vertex 2.33321 38.8027 2.49
    endloop
  endfacet
  facet normal -0.654653 0.377975 0.654649
    outer loop
      vertex -2.15 -38 0.69
      vertex -2.96719 -38.2203 0
      vertex -3.075 -39.6021 0.69
    endloop
  endfacet
  facet normal -0.707107 0 0.707107
    outer loop
      vertex 42 32.742 4.64
      vertex 42 38 4.64
      vertex 39.85 38 2.49
    endloop
  endfacet
  facet normal -0.707107 0 0.707107
    outer loop
      vertex 42 9.88461 4.64
      vertex 42 32.742 4.64
      vertex 39.85 38 2.49
    endloop
  endfacet
  facet normal -0.559822 0.446434 0.698066
    outer loop
      vertex 40.4945 -41.1281 4.64093
      vertex 41.5696 -39.8562 4.6897
      vertex 39.1535 -39.4464 2.49
    endloop
  endfacet
  facet normal -0.559791 0.446407 0.698108
    outer loop
      vertex 41.5696 -39.8562 4.6897
      vertex 40.4945 -41.1281 4.64093
      vertex 41.4412 -40.1814 4.79469
    endloop
  endfacet
  facet normal -0.559501 0.446183 0.698484
    outer loop
      vertex 41.521 -40.0375 4.76669
      vertex 41.4412 -40.1814 4.79469
      vertex 41.4976 -40.125 4.80384
    endloop
  endfacet
  facet normal -0.557736 0.405219 0.724381
    outer loop
      vertex -2.96719 3.7797 0
      vertex -3.31317 3.3035 0
      vertex -3.075 2.39785 0.69
    endloop
  endfacet
  facet normal 0 0.798331 0.602219
    outer loop
      vertex 4.96733 -39.0816 0
      vertex 4.15267 -39.0816 0
      vertex 3.075 -39.6021 0.69
    endloop
  endfacet
  facet normal 0 0.798331 0.602219
    outer loop
      vertex 8.5699 -39.0816 0
      vertex 4.96733 -39.0816 0
      vertex 3.075 -39.6021 0.69
    endloop
  endfacet
  facet normal 0.624474 0 0.781045
    outer loop
      vertex -39.85 4 0.69
      vertex -38.987 3.46769 0
      vertex -38.987 7.65697 0
    endloop
  endfacet
  facet normal 0.197885 -0.608824 0.768229
    outer loop
      vertex -38.925 39.6021 0.69
      vertex -38.8599 38.7526 0
      vertex -38.7716 38.7813 0
    endloop
  endfacet
  facet normal 0.310668 0.645154 0.698042
    outer loop
      vertex -39.0093 -4.55134e-17 4.78575
      vertex -40.125 0.305441 5
      vertex -39.4907 -1.34631e-17 5
    endloop
  endfacet
  facet normal 0.310678 0.645273 0.697927
    outer loop
      vertex -40.2524 0.36678 5
      vertex -40.125 0.305441 5
      vertex -39.0093 -4.55134e-17 4.78575
    endloop
  endfacet
  facet normal 0.197778 -0.608878 0.768213
    outer loop
      vertex -38.925 39.6021 0.69
      vertex -38.3722 38.9111 0
      vertex -37.8473 39.0816 0
    endloop
  endfacet
  facet normal 0.710352 -0.410121 0.572014
    outer loop
      vertex 2.15 -4 0.69
      vertex 3.02617 -3.4448 0
      vertex 3.075 -2.39785 0.69
    endloop
  endfacet
  facet normal 0.707107 0 0.707107
    outer loop
      vertex -39.85 38 2.49
      vertex -42 9.88461 4.64
      vertex -39.85 4 2.49
    endloop
  endfacet
  facet normal 0.31115 -0.644992 0.697976
    outer loop
      vertex -39.021 41.7934 4.60002
      vertex -38.925 39.6021 2.53227
      vertex -38.9775 41.8051 4.59144
    endloop
  endfacet
  facet normal -0.557684 0.405253 0.724402
    outer loop
      vertex 38.925 -39.6021 0.69
      vertex 38.9617 -38.3182 0
      vertex 38.6868 -38.6965 0
    endloop
  endfacet
  facet normal -0.557913 0.405185 0.724264
    outer loop
      vertex 39.0328 -38.2203 0
      vertex 38.9617 -38.3182 0
      vertex 38.925 -39.6021 0.69
    endloop
  endfacet
  facet normal -0.310642 -0.645125 0.698079
    outer loop
      vertex -1.97383 41.7422 5
      vertex -2.99068 42 4.78575
      vertex -2.84654 39.4464 2.49
    endloop
  endfacet
  facet normal -0.31064 -0.645137 0.69807
    outer loop
      vertex -2.84654 39.4464 2.49
      vertex -1.28158 41.4088 5
      vertex -1.466 41.4976 5
    endloop
  endfacet
  facet normal -0.310714 -0.645094 0.698076
    outer loop
      vertex -2.84654 39.4464 2.49
      vertex -1.466 41.4976 5
      vertex -1.97383 41.7422 5
    endloop
  endfacet
  facet normal 0.559818 -0.446433 0.69807
    outer loop
      vertex -39.6668 -3.19731 2.49
      vertex -41.1266 -1.10308 5
      vertex -41.9282 -2.10827 5
    endloop
  endfacet
  facet normal 0.559985 -0.446307 0.698017
    outer loop
      vertex -40.7362 -0.613497 5
      vertex -40.8352 -0.737713 5
      vertex -39.6668 -3.19731 2.49
    endloop
  endfacet
  facet normal 0.559788 -0.446461 0.698076
    outer loop
      vertex -40.8352 -0.737713 5
      vertex -41.1266 -1.10308 5
      vertex -39.6668 -3.19731 2.49
    endloop
  endfacet
  facet normal -0.310669 -0.645104 0.698087
    outer loop
      vertex -2.99068 -3.89663e-18 4.78575
      vertex -1.74763 -0.36678 5
      vertex -2.50925 2.36105e-16 5
    endloop
  endfacet
  facet normal -0.654633 -0.378036 0.654633
    outer loop
      vertex 39.046 -3.80259 0
      vertex 39.16 -4 0
      vertex 39.85 -4 0.69
    endloop
  endfacet
  facet normal -0.559814 -0.446434 0.698072
    outer loop
      vertex -2.84654 -2.55361 2.49
      vertex -2.33321 -3.19731 2.49
      vertex -1.26382 -0.613497 5
    endloop
  endfacet
  facet normal -0.557749 -0.405228 0.724366
    outer loop
      vertex -3.59296 39.0816 0
      vertex -2.96719 38.2203 0
      vertex -3.075 39.6021 0.69
    endloop
  endfacet
  facet normal 0.309581 0.645799 0.697928
    outer loop
      vertex 1.29055 -41.4131 5
      vertex 2.84654 -39.4464 2.49
      vertex 1.28158 -41.4088 5
    endloop
  endfacet
  facet normal -0.559809 0.446442 0.698071
    outer loop
      vertex -0.366322 1.73892 5
      vertex -0.0895451 2.08598 5
      vertex -2.84654 2.55361 2.49
    endloop
  endfacet
  facet normal -0.559815 0.446432 0.698073
    outer loop
      vertex -1.28158 0.591215 5
      vertex -0.960712 0.993576 5
      vertex -2.84654 2.55361 2.49
    endloop
  endfacet
  facet normal -0.559813 0.446434 0.698073
    outer loop
      vertex -0.960712 0.993576 5
      vertex -0.366322 1.73892 5
      vertex -2.84654 2.55361 2.49
    endloop
  endfacet
  facet normal -0.707107 0 0.707107
    outer loop
      vertex 39.85 38 0.69
      vertex 39.16 35.5842 0
      vertex 39.16 33.8107 0
    endloop
  endfacet
  facet normal -0.707107 0 0.707107
    outer loop
      vertex 39.16 37.8647 0
      vertex 39.85 38 0.69
      vertex 39.16 38 0
    endloop
  endfacet
  facet normal -0.557729 0.405226 0.724382
    outer loop
      vertex 38.6868 -38.6965 0
      vertex 38.407 -39.0816 0
      vertex 38.925 -39.6021 0.69
    endloop
  endfacet
  facet normal 0 -0.798303 0.602256
    outer loop
      vertex 9.08204 -2.9184 0
      vertex 3.075 -2.39785 0.69
      vertex 8.5699 -2.9184 0
    endloop
  endfacet
  facet normal 0 -0.798331 0.602219
    outer loop
      vertex -37.8473 39.0816 0
      vertex -33.4301 39.0816 0
      vertex -38.925 39.6021 0.69
    endloop
  endfacet
  facet normal 0.310678 -0.645273 0.697927
    outer loop
      vertex -40.125 -0.305441 5
      vertex -40.2524 -0.36678 5
      vertex -39.0093 -4.55134e-17 4.78575
    endloop
  endfacet
  facet normal 0.310668 -0.645154 0.698042
    outer loop
      vertex -39.4907 -1.34631e-17 5
      vertex -40.125 -0.305441 5
      vertex -39.0093 -4.55134e-17 4.78575
    endloop
  endfacet
  facet normal -0.654717 0.377391 0.654921
    outer loop
      vertex 39.0328 -38.2203 0
      vertex 39.85 -38 0.69
      vertex 39.046 -38.1974 0
    endloop
  endfacet
  facet normal 0 -0.716024 0.698076
    outer loop
      vertex -3.58834 39.8036 2.49
      vertex -34.2636 42 4.74287
      vertex -38.4117 39.8036 2.49
    endloop
  endfacet
  facet normal 0 -0.716024 0.698076
    outer loop
      vertex -38.4117 39.8036 2.49
      vertex -34.2636 42 4.74287
      vertex -38.25 42 4.74287
    endloop
  endfacet
  facet normal -0 0.798331 0.602219
    outer loop
      vertex -38.925 -39.6021 0.69
      vertex -3.075 -39.6021 0.69
      vertex -32.918 -39.0816 0
    endloop
  endfacet
  facet normal 0.560048 0.44626 0.697996
    outer loop
      vertex -40.8109 0.707244 5
      vertex -40.7362 0.613497 5
      vertex -39.6668 3.19731 2.49
    endloop
  endfacet
  facet normal 0.5598 0.446452 0.698072
    outer loop
      vertex -41.0762 1.0399 5
      vertex -40.8109 0.707244 5
      vertex -39.6668 3.19731 2.49
    endloop
  endfacet
  facet normal 0.559814 0.446439 0.698069
    outer loop
      vertex -41.9282 2.10827 5
      vertex -41.0762 1.0399 5
      vertex -39.6668 3.19731 2.49
    endloop
  endfacet
  facet normal -0.310682 0.645111 0.698075
    outer loop
      vertex 38.8748 -41.8326 4.57116
      vertex 40.4053 -41.2173 4.6837
      vertex 38.4117 -39.8036 2.49
    endloop
  endfacet
  facet normal 0.624474 0 0.781045
    outer loop
      vertex -39.85 38 0.69
      vertex -38.987 23.3617 0
      vertex -38.987 38.5323 0
    endloop
  endfacet
  facet normal 0.624474 -0 0.781045
    outer loop
      vertex -38.987 8.14269 0
      vertex -38.987 23.3617 0
      vertex -39.85 38 0.69
    endloop
  endfacet
  facet normal 0 -0.716024 0.698076
    outer loop
      vertex 38.4117 39.8036 2.49
      vertex 34.3159 42 4.74287
      vertex 7.73638 42 4.74287
    endloop
  endfacet
  facet normal -3.8458e-06 -0.716022 0.698077
    outer loop
      vertex 38.3575 41.9712 4.71332
      vertex 38.4117 39.8036 2.49
      vertex 38.8748 41.8326 4.57116
    endloop
  endfacet
  facet normal 6.3228e-05 -0.716021 0.698078
    outer loop
      vertex 38.25 42 4.74287
      vertex 38.4117 39.8036 2.49
      vertex 38.3575 41.9712 4.71332
    endloop
  endfacet
  facet normal -0.310672 0.645118 0.698073
    outer loop
      vertex -2.84654 2.55361 2.49
      vertex -3.075 2.39785 2.53227
      vertex -1.29055 0.586897 5
    endloop
  endfacet
  facet normal -0.707107 0 0.707107
    outer loop
      vertex 39.85 -4 2.49
      vertex 42 -32.1154 4.64
      vertex 42 -4 4.64
    endloop
  endfacet
  facet normal -0.557737 -0.405219 0.72438
    outer loop
      vertex -3.35581 -3.24481 0
      vertex -2.96719 -3.7797 0
      vertex -3.075 -2.39785 0.69
    endloop
  endfacet
  facet normal -0.557737 -0.405219 0.72438
    outer loop
      vertex -3.59296 -2.9184 0
      vertex -3.35581 -3.24481 0
      vertex -3.075 -2.39785 0.69
    endloop
  endfacet
endsolid OpenSCAD_Model
